c0_answer,c0_correct,candidate_answer,candidate_changed_from_c0,candidate_correct,candidate_first_pass_record_sha256,gold_answer_post_run_join,legacy_answer,legacy_correct,legacy_execution_valid,legacy_failure_type,order,pack,query_family,question_id
yes,True,yes,False,True,bfcd4a3bb03cda49e318bdef3b76efcf72a8fc67dc9c9c4f42e2f4522be3a0ab,yes,yes,True,True,,0,clean_holdout_natural,correlation,cladder:5581
no,True,no,False,True,8349f5c95b229fbe97fd58e6cd2762f92ad69955b6b1c0894dc5f6269188fb97,no,no,True,True,,1,clean_holdout_natural,correlation,cladder:21061
no,True,no,False,True,3ebc657d05ca9ae5f2d0985e1d1cacb119313e4fbdb2d19ba9c73dcc7ed84982,no,no,True,True,,2,clean_holdout_natural,ate,cladder:11444
yes,True,yes,False,True,c226f8d67e23fd56c0482ea04df574ee582327dbabea378261ae9a67a011cd9d,yes,yes,True,True,,3,clean_holdout_natural,ate,cladder:26437
yes,False,yes,False,False,ec5a894725f2a8d24f3b7df0c19bae635c5874fbed13e573f7bf1e8c94394aa5,no,no,True,True,,4,clean_holdout_natural,ate,cladder:21517
yes,True,yes,False,True,2ca29dc80fffbb9d26d7490db2b8ad184df883a2d0864ced03beb4ae20e8eb2a,yes,yes,True,True,,5,clean_holdout_natural,ate,cladder:5667
yes,True,yes,False,True,2a578611022c896d050731e470f9bb0afb6f27f4546bf42cc03890633462004e,yes,yes,True,True,,6,clean_holdout_natural,marginal,cladder:23321
no,True,no,False,True,0a6f1dc1ff9b268b0c2e9215ef23d041b37a76e2c6dd21d0a23a25b2cd094f5b,no,no,True,True,,7,clean_holdout_natural,backadj,cladder:12785
no,True,no,False,True,cf61988086a7f696ae9ca782467bd385ceee0c3c88afc4d12ed1c2f5e9f76436,no,no,True,True,,8,clean_holdout_natural,marginal,cladder:24133
yes,True,yes,False,True,92a3db6d4d73d77bc4308c721f49c1eab5526e9ad95dc88e39796fd9ac527bcc,yes,yes,True,True,,9,clean_holdout_natural,ate,cladder:28172
yes,True,yes,False,True,fd1948e58d43d5c2f6566cd08a79174cd377f9ab877869920df9324f1fa28b5b,yes,yes,True,True,,10,clean_holdout_natural,ate,cladder:13483
yes,True,yes,False,True,24d4aebd1cc6441e2b77a3916e2de28a69a41350d7652e4da909b5c4c67b9396,yes,yes,True,True,,11,clean_holdout_natural,backadj,cladder:11049
no,True,no,False,True,f7c125d5801294e86f20d03fca0621ee436b0f021c8c8a4298a01b58934aa185,no,no,True,True,,12,clean_holdout_natural,det-counterfactual,cladder:19915
no,True,no,False,True,f472666885398e58313ea54f7e79c04bf6ada182eeca6ba65519bef64ff71f3a,no,no,True,True,,13,clean_holdout_natural,ett,cladder:23564
yes,True,yes,False,True,c53f4e11e8667e43ddda877a3032ee9d79effbc91d68643a739f459214f16d88,yes,yes,True,True,,14,clean_holdout_natural,nie,cladder:1747
no,True,no,False,True,3715880a4ad9b4d108615bddc6ee92abf114a4c21d74a47d45e217e292be5989,no,no,True,True,,15,clean_holdout_natural,marginal,cladder:18305
yes,True,yes,False,True,b5a4afaeb5f2932eba2ae4d1f9f238ba9bcf45675167e3a15e79a92895fc7a89,yes,yes,True,True,,16,clean_holdout_natural,det-counterfactual,cladder:19960
no,True,no,False,True,856c473bb22fa2943761577e881137b793095b5dca9529a435e2e2487e0b3882,no,no,True,True,,17,clean_holdout_natural,marginal,cladder:224
no,True,no,False,True,34b913299eb76b705458e3af5370a3ee3050d23b18ab73ed04c3f5905d527251,no,no,True,True,,18,clean_holdout_natural,ett,cladder:21057
yes,True,yes,False,True,5b00627223156db437330e3c5104da5dedb517d936fbe746d15a9e1e0b4f70b1,yes,yes,True,True,,19,clean_holdout_natural,ate,cladder:19043
no,True,no,False,True,b02f0ec49b95d00ef9de6bb334c6478b46345cc8fb6af189beab516821fd560b,no,no,True,True,,20,clean_holdout_natural,ate,cladder:24681
no,True,no,False,True,b6698cb8d9b989cd63bf6223ece2c1647c4e634234869d2c3b76c7b39ff4883a,no,no,True,True,,21,clean_holdout_natural,nie,cladder:19191
no,True,no,False,True,a03d9f69fb767adec6e6059f08ea13fe157c7231eee51ab63479972c46b04e09,no,no,True,True,,22,clean_holdout_natural,correlation,cladder:25595
yes,True,yes,False,True,6e55a5c1cfd3f7cfe83391bf0051f7ead757327e5c1fe9d59c438af65bec91de,yes,yes,True,True,,23,clean_holdout_natural,correlation,cladder:10999
no,True,no,False,True,9770fe5d25806549e887dc921a6a1672ab65fcf28ac9116f9567f0d184a5d79b,no,no,True,True,,24,clean_holdout_natural,ate,cladder:3100
no,True,no,False,True,2ae3e33f70fa5550bfe9ebeef4447ec762c2cfc557396951fcf62aa4538ce6c3,no,no,True,True,,25,clean_holdout_natural,ett,cladder:21192
no,True,no,False,True,ffc9ec1903211c9214c349738048b6909207ccef940ec339223562bacbf74195,no,no,True,True,,26,clean_holdout_natural,marginal,cladder:984
yes,True,yes,False,True,185e5192bea0f1fc5c2ef412bc6c2bfd67f64aa5543e75a3f8b58913ededf5a1,yes,yes,True,True,,27,clean_holdout_natural,correlation,cladder:3464
yes,True,yes,False,True,d3c00584ee5ab0385e0f2e7cf2e91610a16c9ff47699ae8e9b0a76cf2b4004af,yes,yes,True,True,,28,clean_holdout_natural,ate,cladder:12033
yes,True,yes,False,True,08a03bde758850ad30b9d73e8ff3e4aae7755d229982666b67bd623565c7755c,yes,yes,True,True,,29,clean_holdout_natural,ate,cladder:15387
yes,True,yes,False,True,5a760634f0273dc775f7f54f05e81055e6e3e951abaabe37b509c9da74b46665,yes,yes,True,True,,30,clean_holdout_natural,marginal,cladder:3362
yes,True,yes,False,True,44fe1770c3d4fe454d558c01434ae21db11155a9d69aeba4c4b5d193b0a5cb58,yes,yes,True,True,,31,clean_holdout_natural,nde,cladder:9149
no,True,no,False,True,b37f12bb248de6d1d1be798888334cdb603f7d5bfaf9daca7e2036142ff6fa18,no,no,True,True,,32,clean_holdout_natural,det-counterfactual,cladder:9669
yes,True,yes,False,True,f1c62a3d994eb175f05dc174f355b6a27657cedd692fc16b2dda053b64f19e8e,yes,yes,True,True,,33,clean_holdout_natural,ate,cladder:10656
no,True,no,False,True,f75c0b4337e4ba66c12101ac9e52b66746e785d4d47bef24bfbd1a929dbae7da,no,no,True,True,,34,clean_holdout_natural,nie,cladder:12850
no,True,no,False,True,1200dbe956b81a81853c6b52c1ffcdbea59a54c7809dfe37f545b58d45e01878,no,no,True,True,,35,clean_holdout_natural,det-counterfactual,cladder:9874
yes,True,yes,False,True,96869b015ea720403b7a9568cfaf0057ea04269fc809341abf66925584b37ca0,yes,yes,True,True,,36,clean_holdout_natural,ett,cladder:19054
yes,True,yes,False,True,061b31418bf0fb4a38182373b305a9657c6f9eb6da6eb8f3651b0494566c861c,yes,yes,True,True,,37,clean_holdout_natural,correlation,cladder:16926
no,True,no,False,True,80e431d300cca18b3e95fea97b501ef1282a7fb40149cc7ce41481e5177c38c4,no,no,True,True,,38,clean_holdout_natural,correlation,cladder:7067
no,True,no,False,True,d0f9fa2f2d43acdeefec96b23e9eb5446aa9bd88dd2284cefe5ade78c88a4f94,no,no,True,True,,39,clean_holdout_natural,ett,cladder:406
yes,True,yes,False,True,d951f3e85d0e3ff2f77e1a39454fc1622eb9bc7f0ad8453b44fccb85fe85ade9,yes,yes,True,True,,40,clean_holdout_natural,ate,cladder:5382
no,True,no,False,True,976a67af71e8760bcb530b406f453c79739650af228e1c171a43793bcb555223,no,no,True,True,,41,clean_holdout_natural,marginal,cladder:12241
no,True,no,False,True,ce9c18a5b8638a50d00e5b6e85347938bd188968e4814681aa9e68b70b7fd076,no,no,True,True,,42,clean_holdout_natural,det-counterfactual,cladder:20677
no,True,no,False,True,3bb300120add00ccc1a4bae435ef614bbcdf4d89e8a83966cfe18487afa92cd0,no,no,True,True,,43,clean_holdout_natural,ate,cladder:8824
yes,True,yes,False,True,62d518bccf790f89b51c062e523c99b078d664b137dea52b27976065b5c36b13,yes,yes,True,True,,44,clean_holdout_natural,det-counterfactual,cladder:9985
yes,True,yes,False,True,3cf70abb7cac0a1327ef5e520e5d4b83d6f6abcd750a946027350ebfc05eae82,yes,yes,True,True,,45,clean_holdout_natural,ate,cladder:27315
yes,True,yes,False,True,7ac1402de9fef7f2c43a2c8292cfaae0a7c034821fa6e888aa8db815af0ccd5c,yes,yes,True,True,,46,clean_holdout_natural,ett,cladder:11857
yes,True,yes,False,True,b6ed7b46924226965c93a196ec7dcfbc87c8936b292dbe755804ec1ab5e2b18b,yes,yes,True,True,,47,clean_holdout_natural,correlation,cladder:27777
no,True,no,False,True,bfd280873b7e42315da7b596ed00df19d545ed747ca1c80660395a3fe5ddf21c,no,no,True,True,,48,clean_holdout_natural,collider_bias,cladder:7458
no,True,no,False,True,57e211a1179a8554116231b8e902aaf69e5ef96bb2cb7e76240dfd9ca2847bd5,no,no,True,True,,49,clean_holdout_natural,marginal,cladder:15141
yes,True,yes,False,True,72b25d2d8ced0f360150198648be9b9653e98e9de2a85ce0f9398788d6a973cd,yes,yes,True,True,,50,clean_holdout_natural,correlation,cladder:21234
yes,True,yes,False,True,17fcd6aec243420b899715e91a3db3b9aa263fdcb78267580dd63f630035e028,yes,yes,True,True,,51,clean_holdout_natural,nie,cladder:27800
yes,True,yes,False,True,b6114e5698c249d7575d18895a057a1e8729b991d5d18b9796018ac1158255af,yes,yes,True,True,,52,clean_holdout_natural,ate,cladder:16941
no,True,no,False,True,327af7c5ed3294c6d83c81555111803035ec716b6c967fc54829d5437edd8f7e,no,no,True,True,,53,clean_holdout_natural,ett,cladder:25215
no,True,no,False,True,5cf8a81310cdba151bdf677ee447a7d660587ac4d834a4fa2e6e14266dc43b31,no,no,True,True,,54,clean_holdout_natural,ett,cladder:21678
yes,True,yes,False,True,b7f0d6eeb0a16a3209a274f77d6798db9b3e7a3372358383f262008a6336fb34,yes,yes,True,True,,55,clean_holdout_natural,ett,cladder:27671
yes,True,yes,False,True,f0bddffe8edcea56d2eb2ac9eac36d5a3fe3867c061e9274168c566e93fcfe00,yes,yes,True,True,,56,clean_holdout_natural,ett,cladder:20789
yes,True,yes,False,True,81a2e38ab5ed7b25f4cbec0fa04c258bf9289e746f744c34001e1451066255fc,yes,yes,True,True,,57,clean_holdout_natural,marginal,cladder:6898
no,True,no,False,True,f022476d8288e11e55535e9caff3b2b999599774f491dad756c01f9e6889f270,no,no,True,True,,58,clean_holdout_natural,ett,cladder:24210
yes,True,yes,False,True,6cb6a09fb63a7740aeb4441a56c185edbbdda8a7b28281a4593ff3a3e98dbe35,yes,yes,True,True,,59,clean_holdout_natural,det-counterfactual,cladder:20272
yes,True,yes,False,True,6b00f0ffde524e4f8138ced4373c5fe3852bba65d3bc0639660699aa9d06e0ac,yes,yes,True,True,,60,clean_holdout_natural,correlation,cladder:9038
yes,True,yes,False,True,1802e89656e9cf1c818a0763675e0dc4fdef0d2da6018c80933b2271c6c36d41,yes,yes,True,True,,61,clean_holdout_natural,det-counterfactual,cladder:20125
no,True,no,False,True,bf9bd0efc9ca47e02657303ee5999603b4639d18783ce147e77b5106f967d17e,no,no,True,True,,62,clean_holdout_natural,ate,cladder:28199
no,True,no,False,True,872396e880c0f5f8531748a74eca4778975e9fa0bdcd617ab846623367289b05,no,no,True,True,,63,clean_holdout_natural,marginal,cladder:12617
no,True,no,False,True,04fba99e8917905a19cc7260902feaa192e786ad81c14c03a69e1ed87b319b07,no,no,True,True,,64,clean_holdout_natural,correlation,cladder:15313
yes,True,yes,False,True,6cce6f8a4135ec62dfb36c2050fa7c839d653f7562dfcda7e2d199402137da02,yes,yes,True,True,,65,clean_holdout_natural,exp_away,cladder:23530
no,True,no,False,True,d3628c75ca070f36ac1213dbf75745b9b5a40697797923a38f21d7ed65079b09,no,no,True,True,,66,clean_holdout_natural,marginal,cladder:25411
yes,True,yes,False,True,cdeb69c8f4935c8e6f73c9573bb10c1fc4e11a592688886e045b0d51088b1817,yes,yes,True,True,,67,clean_holdout_natural,correlation,cladder:3386
yes,True,yes,False,True,fc920a5ac678b826bd9ad27c59fcf37a6cfd7fb82a91a4b25886f7cd1dfdd11a,yes,yes,True,True,,68,clean_holdout_natural,marginal,cladder:26539
yes,True,yes,False,True,2eda6126e7cb997c349dc394819afab614448c189967788c85a7c9285e99b727,yes,yes,True,True,,69,clean_holdout_natural,marginal,cladder:28019
no,True,no,False,True,bc6dfad4f201192737bbf94c91f45055f27c8df06fa1815a3e9039f4659dfa91,no,no,True,True,,70,clean_holdout_natural,exp_away,cladder:13106
no,True,no,False,True,fc6c02a99d840ae98c6c28874c353e2bb09c56b6e29d663ae7798df890134abb,no,no,True,True,,71,clean_holdout_natural,ett,cladder:22549
no,True,no,False,True,fc6d4807825efb517755abe28188a74c0540e7ed5f0246ce53c7e6b0dbeaf759,no,no,True,True,,72,clean_holdout_natural,backadj,cladder:10659
no,True,no,False,True,336627674febebd86d52de8addcb5f8a8501b0707f1aca0c94bb2277bdbbfa30,no,no,True,True,,73,clean_holdout_natural,ett,cladder:16100
yes,True,yes,False,True,1d5f70cb06462d6aa234ea88afd0ff8216bc0048ddc3f433660e66c592307e40,yes,yes,True,True,,74,clean_holdout_natural,ate,cladder:26939
no,True,no,False,True,9097c22279387f66d1fad67c67b3641a7919b2bb811e6993278642cb2e853ea7,no,no,True,True,,75,clean_holdout_natural,collider_bias,cladder:25226
no,False,no,False,False,4a660927b97666c87641017cef611cca37bf125598cb33d293740c79e2ee0f14,yes,no,False,True,,76,clean_holdout_natural,backadj,cladder:15483
no,True,no,False,True,d626696fa490fc6580eb0326ac675ab27246c3b69d1c2230d6f53842fe36789d,no,no,True,True,,77,clean_holdout_natural,marginal,cladder:5921
yes,True,yes,False,True,0c70fcf77e1a729ca3faad782f72ccd445158ed16084879d69af1640e3fe8adc,yes,yes,True,True,,78,clean_holdout_natural,nie,cladder:18370
no,True,no,False,True,5a6ef07fffa6555327d800cfbbe31288e8f26d48a0c005ac9b2234bec2c72670,no,no,True,True,,79,clean_holdout_natural,ett,cladder:8718
no,True,no,False,True,ceb9dec4ebfbbd1ae3075fc66a4ca39e82f573afc8380bb6dba3f2c703d12574,no,no,True,True,,80,clean_holdout_natural,marginal,cladder:4395
no,True,no,False,True,200d8eb33b20901221d888dc3a3a0b200016780a4c0ff6279db249e2923f7220,no,no,True,True,,81,clean_holdout_natural,correlation,cladder:14024
no,True,no,False,True,33f33c1a118765a44f9808df02242a2a2144c74167b56e3e5df27fac87f10223,no,no,True,True,,82,clean_holdout_natural,nde,cladder:4405
no,True,no,False,True,09ba16c178ecf3d589cb91b297c361f0caf787114239fb981657ce7183b33568,no,no,True,True,,83,clean_holdout_natural,det-counterfactual,cladder:9799
yes,True,yes,False,True,b26b0b45f43485e04c5fb0b5b62e6d2700c0fe391dd2880a4c2f776e631565c2,yes,yes,True,True,,84,clean_holdout_natural,nde,cladder:18197
no,True,no,False,True,d518b7b5e787a2a7741dff46dd21f3d962fb3c692ba53f8f99da4b9b088a3c3c,no,no,True,True,,85,clean_holdout_natural,ett,cladder:25746
no,True,no,False,True,96769a8ac975b21bb56918d699a88e85b09d1e62bfc7dcac4529392494e8253d,no,no,True,True,,86,clean_holdout_natural,nie,cladder:10413
yes,True,yes,False,True,2f3fb3e8ed53de1aecd2b8dbe63de9c43881c00d28657c031eda7a7dab052850,yes,yes,True,True,,87,clean_holdout_natural,ate,cladder:2272
no,True,no,False,True,25cd166dd90862525ac2dbf13dbe12dc46ef8fd39bcc197e3020cbc030e8f601,no,no,True,True,,88,clean_holdout_natural,ate,cladder:5112
yes,True,yes,False,True,7c35c4a768a1452652b11e6129fb28be19f67d35b2447d394c6053c86a05fc2e,yes,yes,True,True,,89,clean_holdout_natural,correlation,cladder:27166
yes,True,yes,False,True,fff5b1fa53d44a5cd5efa278b706bcf71774ade752274d08bf3d6775f79a0131,yes,yes,True,True,,90,clean_holdout_natural,nie,cladder:25382
yes,True,yes,False,True,dcc4f7ecc9c9a6a42cf80d9cce675900fe4fca0a64ea5befd4696152983ccb16,yes,yes,True,True,,91,clean_holdout_natural,ate,cladder:6588
yes,True,yes,False,True,ddcda2e1399372c66682d7e6b38a811ba643e0874c91255dee6db699cae5a6d1,yes,yes,True,True,,92,clean_holdout_natural,marginal,cladder:23935
no,True,no,False,True,52c6fe9415299c31e306b672c58342688a86785ca3fbf6516cc6d1d179257468,no,no,True,True,,93,clean_holdout_natural,ett,cladder:25261
no,True,no,False,True,fb90bd5253c560da65154417bf41ac14841598401da35856c9ac9c632803efee,no,no,True,True,,94,clean_holdout_natural,ate,cladder:11479
no,True,no,False,True,283f9613387ddeae8b33ffa0631f73a04eaf437863e0287bf6aafcc5e2eccfe4,no,no,True,True,,95,clean_holdout_natural,det-counterfactual,cladder:30720
no,True,no,False,True,1f3c0d0344d6f864cadaab8df9aa5f6d24578394d868664dbafbaa263b16ace5,no,no,True,True,,96,clean_holdout_natural,backadj,cladder:1540
no,True,no,False,True,2e39705ab277f1417e42a7d53705ee47d983e40f04bbb5f000ef3aa6538e96f1,no,no,True,True,,97,clean_holdout_natural,ate,cladder:21640
yes,True,yes,False,True,3fc68f54a38bc8541c428144c8ccc922dada0e1c366212c6139c9da77734dba1,yes,yes,True,True,,98,clean_holdout_natural,ate,cladder:23291
no,True,no,False,True,70441c0ed8c46fe8ba00dbec3decc3d66ee6e0d3e22b4740233a4f1e349f0c19,no,no,True,True,,99,clean_holdout_natural,marginal,cladder:12116
yes,True,yes,False,True,f646301577fed248b0aff09d609d1f99caeb15cb90abee2a54410395327a159b,yes,yes,True,True,,100,clean_holdout_natural,marginal,cladder:10971
no,True,no,False,True,60bb4df84f6007b9f388143d50e85f7cc0ca20c16e29de0c871f994ae2f40002,no,no,True,True,,101,clean_holdout_natural,det-counterfactual,cladder:20371
no,True,no,False,True,f9da5c4d46472c2f6b4e27fe33b7d4344b63b578a4ac12278194bf6eb59405cf,no,no,True,True,,102,clean_holdout_natural,ate,cladder:8414
yes,True,yes,False,True,a3e1cbcda88fa535a37ce3539a3338d58374d92b34e9ccb044c4ba76fee72d41,yes,yes,True,True,,103,clean_holdout_natural,ett,cladder:21968
no,True,no,False,True,cc40a8ea208c75c1f42f80b15cc1c312915e44454037cfc0e3e992f63f30d5c9,no,no,True,True,,104,clean_holdout_natural,correlation,cladder:16750
yes,True,yes,False,True,a7c6f16d4608ed7ff36fea64d2f8ccc7ee72e3bff79d204761bc2b693296b209,yes,yes,True,True,,105,clean_holdout_natural,correlation,cladder:5743
no,True,no,False,True,ae0445bbb714873dbf3df93c412da3ba06b2da51d35a6887115449b8f24a7ae4,no,no,True,True,,106,clean_holdout_natural,ett,cladder:28331
yes,True,yes,False,True,2af586a6b25357c15c5f961e9fa8c6e6ec3aebd8aa47777d8300a11006379ebb,yes,yes,True,True,,107,clean_holdout_natural,ett,cladder:25995
yes,True,yes,False,True,ebb4fe47485abc8126a0af120ddaf80ddf669f79a7bf7dad5360b52847bb23f5,yes,yes,True,True,,108,clean_holdout_natural,nde,cladder:15243
yes,True,yes,False,True,ce55b61974988d1765d67100861b2bdcb8cc78e0d21cb73a5361760bc22e7452,yes,yes,True,True,,109,clean_holdout_natural,correlation,cladder:22636
no,False,no,False,False,1ebac210225d73c957a53d2ea025425340fecaaa4c413cebbc27e4b1d5cd959f,yes,no,False,True,,110,clean_holdout_natural,ett,cladder:4260
yes,True,yes,False,True,60db08a9424cb755b7d646b3635b7450ebbe82ee1ed531245e7ddfac5c3bf71d,yes,yes,True,True,,111,clean_holdout_natural,backadj,cladder:22314
no,True,no,False,True,c833832530a744080b296245e56263bc60c0eb4ee9d26680bc316a68381ed6eb,no,no,True,True,,112,clean_holdout_natural,ate,cladder:2435
no,True,no,False,True,1c319af794bef21963d3e111e6971e6b2ae0f08d789424b5fa47508bd74a14a7,no,no,True,True,,113,clean_holdout_natural,ate,cladder:321
yes,True,yes,False,True,6b3b95e46781082a7c5f8edf355ff5296791f691af6a79bf4c7617de694e7fe4,yes,yes,True,True,,114,clean_holdout_natural,marginal,cladder:22770
yes,True,yes,False,True,ec5326751736b7ffa7dd8d5d4bcd60c96bebfbddc4701c79808f843b661b94da,yes,yes,True,True,,115,clean_holdout_natural,marginal,cladder:14856
yes,True,yes,False,True,c329843351f9594c7ebb99530ff3f62943b340b8f56dd94eca5686c793e60019,yes,yes,True,True,,116,clean_holdout_natural,nie,cladder:8954
no,True,no,False,True,bee708f55007ac8125a8f69ee575a39801c77315e84100aee5667bf00578d6fd,no,no,True,True,,117,clean_holdout_natural,nde,cladder:17474
no,True,no,False,True,a3cd6d6df8870a9a61c19f913839b36fceebd89cc5dd19d67782801befd8baf4,no,yes,False,True,,118,clean_holdout_natural,ate,cladder:27528
no,True,no,False,True,6b57d5b7865a0be39a69118905bb136b50e874494d40fd9a860732cf9fb65159,no,yes,False,True,,119,clean_holdout_natural,ate,cladder:4302
yes,True,yes,False,True,d2e1823e47669f94ce9e44f1b1e39203fa775fbb0137388e3b00c33df065ae06,yes,yes,True,True,,120,clean_holdout_natural,marginal,cladder:18504
yes,True,yes,False,True,c6a602c2779040224a3c1accb35df1982ec037cdcf71cf171f98c1b0d7caa05b,yes,yes,True,True,,121,clean_holdout_natural,exp_away,cladder:2735
yes,True,yes,False,True,54d943f93db4c140bcac217f141036e2f23de2a61b290bb7d936bf6d173798dd,yes,yes,True,True,,122,clean_holdout_natural,correlation,cladder:19358
no,True,no,False,True,2a72b717dda02418ac75591b41b694ac0434e114fec770a483c85864c6fb54d1,no,no,True,True,,123,clean_holdout_natural,nie,cladder:28445
yes,True,yes,False,True,aaaa01de922fb730e2899a8c14af73c85f80664075d0e2f80719d55c2d31890a,yes,yes,True,True,,124,clean_holdout_natural,ate,cladder:213
no,True,no,False,True,d08b2a3071e8ae0f2518d5e9ffb1ae76bf2572979f6c82c094e0fcf2a05b34fc,no,no,True,True,,125,clean_holdout_natural,marginal,cladder:22370
yes,True,yes,False,True,ff45313e8ab5edc4983f7010d37c6739a46175c4ddff4c926578257d2b2b7873,yes,yes,True,True,,126,clean_holdout_natural,ate,cladder:2574
no,True,no,False,True,a9ddf366b2619d2a60bb62959297b375014df8b97008658e89ddea40563860b8,no,no,True,True,,127,clean_holdout_natural,ate,cladder:12167
no,True,no,False,True,d476c393f3546b097795505d36a872e416ede7fac4048b510d2ece3481224ee8,no,no,True,True,,128,clean_holdout_natural,ate,cladder:15716
yes,True,yes,False,True,c44ce0113f6bcc6f60ac816d985907173f21e0ca5f92055f6004bc46eb53c6c7,yes,yes,True,True,,129,clean_holdout_natural,ett,cladder:25941
yes,True,yes,False,True,55b256c68dac49195d9b91c51858c35713031019e26f594fe15ab621397c4334,yes,yes,True,True,,130,clean_holdout_natural,marginal,cladder:628
yes,True,yes,False,True,531380ecc7cfdb465e9396ee4a37cca00f0faa9b9bd91a58aa3bcc77f443c105,yes,yes,True,True,,131,clean_holdout_natural,nie,cladder:28688
no,True,no,False,True,c69ac31f1490e3e949e7e536bea9c789af326a24e26fa3c7cd9688452860dc35,no,no,True,True,,132,clean_holdout_natural,ate,cladder:3452
yes,True,yes,False,True,8842f813167c7747efbd5fe93d090884d9f59e7675a2d8265bc20aa50d8ceca2,yes,yes,True,True,,133,clean_holdout_natural,ate,cladder:1884
no,True,no,False,True,85483c327cf848ef02fb1e4112f3ee9256fbcb561258620190249d48cf52c174,no,no,True,True,,134,clean_holdout_natural,ate,cladder:26886
no,True,no,False,True,10ff9485a54b47833416947dcc737d37adc1af6c7e4dd7bd697345b4e1aabfff,no,no,True,True,,135,clean_holdout_natural,nie,cladder:17602
no,True,no,False,True,7be473e4c49c134c3a9957b33b1ac4a6ed61f76546bc38d208e0ac993943e651,no,no,True,True,,136,clean_holdout_natural,ate,cladder:24329
no,True,no,False,True,17d50b6e5a43dc2e8ad120cb62f5d7ccb6604bf8287df409cce835662083a521,no,no,True,True,,137,clean_holdout_natural,det-counterfactual,cladder:20031
no,True,no,False,True,5d0d750f65f17c765bc9837c6079da7540684c9e448a65bad88a76424a653441,no,no,True,True,,138,clean_holdout_natural,ate,cladder:14295
yes,True,yes,False,True,1685905a2b549c461d0be736a638b3e6ecd6025776259e3beccbe749fa813633,yes,yes,True,True,,139,clean_holdout_natural,nie,cladder:16953
no,True,no,False,True,8b3db59f19d3c5b3f38e540d85e54dd1249bcc4ab7b2b204a93b1de25a4d4e8b,no,no,True,True,,140,clean_holdout_natural,marginal,cladder:16981
yes,True,yes,False,True,4a0181bd4356488ccfbdbf1ad062da7e702e8cda4b131c5d8f6bb1f2805d2b5d,yes,yes,True,True,,141,clean_holdout_natural,det-counterfactual,cladder:9955
yes,True,yes,False,True,5894ed5591bcff424e358f34fd8599887ae5631f1d4681334c4758d3e7e22278,yes,yes,True,True,,142,clean_holdout_natural,det-counterfactual,cladder:30729
no,True,no,False,True,6530fbfcc2f763cff4c8e93db8fe095c1aa0ae0d596e1e0f19770de40e4447b9,no,no,True,True,,143,clean_holdout_natural,ate,cladder:16463
no,True,no,False,True,a3fb8b3016f03536a7e618b0c51a789979741c54eb2e6cfdd2bd04c2c1db6ffc,no,no,True,True,,144,clean_holdout_natural,marginal,cladder:10714
yes,True,yes,False,True,92e61f1f403397d9e49cb62ccc9a2fa7029945888495f48852d065fddee42b21,yes,yes,True,True,,145,clean_holdout_natural,ate,cladder:28100
yes,True,yes,False,True,4ab6b662c7a65ace1a63877eaf33497aa7835aff2794958287a720b5793c4bdc,yes,yes,True,True,,146,clean_holdout_natural,nie,cladder:7601
yes,True,yes,False,True,448490d068d6b50b76f1cbcec9dbea1f2b7ad2ddd8938a37d5dfe5d11e9dd788,yes,yes,True,True,,147,clean_holdout_natural,nde,cladder:23186
no,True,no,False,True,9db10adb19c22f53f4ac779dd3585f345e2041f47f9902194dbebc057ed9d0f5,no,no,True,True,,148,clean_holdout_natural,marginal,cladder:25308
yes,True,yes,False,True,b6e70e9eb18c14c1086cb99fccf6a78fa9a59828d3ebc4dc4c5eb63672ab6e19,yes,yes,True,True,,149,clean_holdout_natural,marginal,cladder:958
yes,True,yes,False,True,1f5be309ef34e94864bd9cd7158ee66a181dbd4838971afc81c47749a8816793,yes,yes,True,True,,150,clean_holdout_natural,ate,cladder:28541
yes,True,yes,False,True,0baf7530a93b58e1c383ac52bbaa1a22ed2aa6065d1f0c7cd476ce41ed7c97dc,yes,yes,True,True,,151,clean_holdout_natural,ett,cladder:988
yes,True,yes,False,True,5c2ef118868ef7dcdc4318d9c6e754658aac725b7e4a1786eceba16b59b958b9,yes,yes,True,True,,152,clean_holdout_natural,ate,cladder:21277
yes,True,yes,False,True,21b32276067f52bfd72ea45ce5c4f70f8e72a2ed3a600cd86d7a7f95b806ec25,yes,yes,True,True,,153,clean_holdout_natural,nde,cladder:6249
yes,True,yes,False,True,d9bd260e1bcc58a8f35bd5f0ceb894f954d2be34a57b413ff33699f61267322f,yes,yes,True,True,,154,clean_holdout_natural,ate,cladder:6226
yes,True,yes,False,True,32c62c1c758b435cce1ef556fdab7711865ef689f2efe88130328a04c015eb4c,yes,yes,True,True,,155,clean_holdout_natural,correlation,cladder:18529
no,True,no,False,True,f46b8095a68695949f63fd17fe46eb920e594740f3357d9ada58f762683639f1,no,no,True,True,,156,clean_holdout_natural,ett,cladder:22536
no,True,no,False,True,a354ef16670fe13cabcf82c6f34250a7a23b22143978ae9f27a231fae8fb335a,no,no,True,True,,157,clean_holdout_natural,ate,cladder:668
yes,True,yes,False,True,23f05062992569c60ead5493ece29bf685fbebe937a00524792ca12b81eecdbf,yes,yes,True,True,,158,clean_holdout_natural,ate,cladder:10879
no,True,no,False,True,d3918fbf957537d36eb9da7758a0dd5d0c7387f73f4f43b0974a04b82b06d7be,no,no,True,True,,159,clean_holdout_natural,ate,cladder:10864
no,True,no,False,True,954beb5272f2eb0a528da930cfb8454051355c2ca889eeb2c31c77492b79720a,no,no,True,True,,160,clean_holdout_natural,marginal,cladder:24099
yes,True,yes,False,True,018e87e8c3ff73cf39c36bc3d90954f75eae042d1c0dd25d0b67d73b7ac7973d,yes,yes,True,True,,161,clean_holdout_natural,det-counterfactual,cladder:19996
no,True,no,False,True,c6d7b443e6c249edddc07b42046d0b8b0aec48a72b5f3923ad7edcd4eb2a2325,no,no,True,True,,162,clean_holdout_natural,ate,cladder:19581
no,True,no,False,True,a20c00e4e3513c3fb191efdcecaccba80fbcba0e8727719e1ede7d2198855a3d,no,no,True,True,,163,clean_holdout_natural,marginal,cladder:1911
no,True,no,False,True,716c490ef9a6e58e9cad251511eda95e6c761d69d0399de8e0c88c4a683eff5b,no,no,True,True,,164,clean_holdout_natural,ate,cladder:15915
no,True,no,False,True,e595b752e86e69d33bd9503ab3ca5ece638194b20cad53bd79bb3fa658771f46,no,no,True,True,,165,clean_holdout_natural,marginal,cladder:22924
yes,True,yes,False,True,58634c8acdd1f1336e78489ce8fda1732869115b70d9707f1cf513382e56e01f,yes,yes,True,True,,166,clean_holdout_natural,ate,cladder:21614
yes,True,yes,False,True,80f79c61836787ec007a9f3f5727096c874a7bcb14be6d9878c1d21bf660089f,yes,yes,True,True,,167,clean_holdout_natural,correlation,cladder:1248
yes,True,yes,False,True,8689b30e08f01bbbbdf617a81491130da91627bfe1a1a548db538bf7bca8c891,yes,yes,True,True,,168,clean_holdout_natural,det-counterfactual,cladder:20177
yes,True,yes,False,True,b3f8dc751d4b1576542ec3e233af3da6b47e5d64d3bbbc25e003aab2ea1400cd,yes,yes,True,True,,169,clean_holdout_natural,correlation,cladder:5633
no,True,no,False,True,281fa195bbd04eb978f908153d5cd3e81b9a753eb1c1e6be1f5aff8a7c024949,no,no,True,True,,170,clean_holdout_natural,marginal,cladder:5348
no,True,no,False,True,9874ed5c179f8e06ba179dc94553bb3567436f6385ce2e63ece844638c24ed48,no,no,True,True,,171,clean_holdout_natural,marginal,cladder:1941
no,True,no,False,True,4a53525311a600b4df23c7ccd43f35adf6c0306064d2e5a85060dc09af0473b9,no,no,True,True,,172,clean_holdout_natural,marginal,cladder:684
no,True,no,False,True,81119651fd79b443833c4dee9c59cbf069ab6863476b1ecc7919a65881908e0c,no,no,True,True,,173,clean_holdout_natural,ate,cladder:19718
yes,True,yes,False,True,bc6dd5303aae88b258e5511a771268153c048294948e3b3ba575d8ff374c3aa8,yes,yes,True,True,,174,clean_holdout_natural,ate,cladder:8605
no,True,no,False,True,cadf53b4ccba554d59900bb3ab38ac175dfc221abbb08c3ae5a03b6c38669a03,no,no,True,True,,175,clean_holdout_natural,ett,cladder:15859
yes,False,yes,False,False,552348ae609193b9127aac0024493fa35ab6eb5ec53ba4280f430efe25c6f86d,no,yes,False,True,,176,clean_holdout_natural,correlation,cladder:6033
no,True,no,False,True,5a7c260aa768b3d67ad1d781d8bec04b599c4e8f6aee4b0272b8f7048bc71760,no,no,True,True,,177,clean_holdout_natural,det-counterfactual,cladder:20622
no,True,no,False,True,d97820b5c5cf73d62871c48edd0e8c5117601c45cdf078d7b8d1a4861bb82c7b,no,no,True,True,,178,clean_holdout_natural,correlation,cladder:17718
yes,True,yes,False,True,f34d4db1230ebbc2af1cc17271769241d0d6a89dc679b9d7ecf572697e08e1ed,yes,yes,True,True,,179,clean_holdout_natural,nie,cladder:12485
yes,True,yes,False,True,1e9cfe1ff112b04d210ea22622181fabbfa1a08cf6bf4ff1e7e06f11c156a37b,yes,yes,True,True,,180,clean_holdout_natural,nie,cladder:3015
no,True,no,False,True,06fc28eabb0e2ddf37d6c6219098aed2714ff7740290608091daa68c90ddc46d,no,no,True,True,,181,clean_holdout_natural,det-counterfactual,cladder:20715
no,True,no,False,True,be6dcea25412cb7e7b0e083a097be2658493fee613a736764e9d8884f3af82e2,no,no,True,True,,182,clean_holdout_natural,det-counterfactual,cladder:20563
yes,True,yes,False,True,22cd2e89f0bd2e541bb9a5dd6c3877e57c0f28600b55e9d4d798d81b5fb81a5b,yes,yes,True,True,,183,clean_holdout_natural,marginal,cladder:26766
no,True,no,False,True,23a073fd67b882f4a907a8773078e0aea781f2b0f447eac3128b94e432fb4072,no,no,True,True,,184,clean_holdout_natural,nie,cladder:13292
yes,True,yes,False,True,2dfbc4fb8d87d789bd8e77bf373bea29d272af711ee0d7e4d669dcf0a02a193e,yes,yes,True,True,,185,clean_holdout_natural,nie,cladder:14634
no,True,no,False,True,9d7fcbe67254fdb364ac72a7cc84c1867711eacecfcb53b0eb383e4fcb613ae0,no,no,True,True,,186,clean_holdout_natural,det-counterfactual,cladder:20296
no,True,no,False,True,2056ef30bf473de2ed88c8de4180986dfe2be15c9684d901d3c406918523b9cd,no,no,True,True,,187,clean_holdout_natural,nde,cladder:7119
yes,True,yes,False,True,e1cc229f043afaec7e55fd6cd71f8e1d4f8cb9597e788500bdeb10e4028a9b83,yes,yes,True,True,,188,clean_holdout_natural,correlation,cladder:6952
no,True,no,False,True,84015556ba3e002eaba92c7126ee2ff69a8006f9ff0129dd8182ed539c1e4f8b,no,no,True,True,,189,clean_holdout_natural,correlation,cladder:15284
no,True,no,False,True,971737912977a745403bcdd1a1a4245bbb813674d4f5c844f436a4dce5f2b9ae,no,no,True,True,,190,clean_holdout_natural,nie,cladder:22012
no,True,no,False,True,55bae3959dad6972d6f0c849e40f8517014a50b3b1450debf9335a3d004cfc64,no,no,True,True,,191,clean_holdout_natural,ate,cladder:27560
no,True,no,False,True,9d226829d9453c9693b8bb4ed3c26e5741806b6da75a1b621dc3e48bd7f0d836,no,no,True,True,,192,clean_holdout_natural,correlation,cladder:3474
yes,True,yes,False,True,b373a57aa92aa705768c9f2c5cb1043abb6dfe92d4350f9cb0ec5135409f495a,yes,yes,True,True,,193,clean_holdout_natural,correlation,cladder:765
yes,True,yes,False,True,deea4cbef417b3fcb6e11c43287ef3edc10fb99d58c4487102f2595cb915c0b7,yes,yes,True,True,,194,clean_holdout_natural,correlation,cladder:19678
yes,True,yes,False,True,1447713e1cab97aa8843e4b50c49471c083b7f1d0ddb8c13abbaba6953ef1b2f,yes,yes,True,True,,195,clean_holdout_natural,det-counterfactual,cladder:20380
no,True,no,False,True,817fb3cc595116aa99f9f3e71d70e0d17f284b65e3599cd78e46ed481121308b,no,no,True,True,,196,clean_holdout_natural,correlation,cladder:8248
no,True,no,False,True,1f2a6e1b7880074d55a4f4047cc2d6b3c144fc1d3464311d6886427793ebf994,no,no,True,True,,197,clean_holdout_natural,marginal,cladder:8224
no,True,no,False,True,a65de20dfc1ee01424fc32f7f0038241dd22c068ca7429fff236ddd23dd9f3ec,no,no,True,True,,198,clean_holdout_natural,backadj,cladder:14661
no,True,no,False,True,1f0e158bb175b81e2b9b7ebf1d0315aa931f3faccd3672aff8fd7337e687c2c2,no,no,True,True,,199,clean_holdout_natural,nie,cladder:19339
yes,True,yes,False,True,7c3ce86388f209f120affbbecf611d92626ba7b68f75799c0e31d94e3d2e2dff,yes,yes,True,True,,200,clean_holdout_natural,ate,cladder:17234
yes,True,yes,False,True,77ada5e0eec7b49928e040ebef3d8f79a2b31c9fc2a002555409ddebfe8497c3,yes,yes,True,True,,201,clean_holdout_natural,marginal,cladder:9116
yes,True,yes,False,True,4bbce5f90b9cd94f1110abe18be248a311b7430f1d04081e05fdc80ac0e2bb9d,yes,yes,True,True,,202,clean_holdout_natural,nde,cladder:1385
no,True,no,False,True,5e1ac3e08f51d86d4b087b6d59ee46b3e847afab1d6b0ac83e32e1b33ece1141,no,no,True,True,,203,clean_holdout_natural,ett,cladder:21647
no,True,no,False,True,b3fe435f729dd763438e90bcd0968bc6c5e01c037c6139a00129db5f22a27114,no,no,True,True,,204,clean_holdout_natural,ate,cladder:1859
yes,False,yes,False,False,a8b6a03f8349f7b6b0533e273e88c2b47f50e41d1fd7ff3d0aa7d70613714222,no,yes,False,True,,205,clean_holdout_natural,ett,cladder:24048
yes,True,yes,False,True,dd245b121057ef442a7f4d119b24674fc6ccca6422f52ba2aaf41039202ef0bd,yes,yes,True,True,,206,clean_holdout_natural,marginal,cladder:24846
no,True,no,False,True,3e3a5f09f86c76613a985fc2ef71deb6df6a05e81a5cc4ce74e8661069fcbb76,no,no,True,True,,207,clean_holdout_natural,ett,cladder:29513
no,True,no,False,True,e27e258a9dc7749cb754a3dafaf8208dc7ce35bfeda5713f9eb63467373b91b2,no,no,True,True,,208,clean_holdout_natural,marginal,cladder:3110
no,True,no,False,True,504b56b221884322bd758e368dc1240d5fd7e49b7c682282a4ba215d82542e7b,no,yes,False,True,,209,clean_holdout_natural,det-counterfactual,cladder:20014
yes,False,yes,False,False,92b255cc05038c4de764125ca624daa1e9defb1340b49f14e1068333e2a7df3c,no,yes,False,True,,210,clean_holdout_natural,ett,cladder:27132
yes,True,yes,False,True,ae789a5542fd263c90b9b931ce92a30da764df10a1e4e9604c486d7466b517ff,yes,yes,True,True,,211,clean_holdout_natural,marginal,cladder:2798
yes,True,yes,False,True,f00fe74c4496ac45095e668b0a15e0d6203e0acf9accb9bed6e13fc3b685a675,yes,yes,True,True,,212,clean_holdout_natural,ett,cladder:23565
yes,False,yes,False,False,47aaf5cf2bd352951a855cb42deb3eed208cb393e39452bccc6d5cb64876c374,no,no,True,True,,213,clean_holdout_natural,collider_bias,cladder:22183
no,True,no,False,True,4df240cb937c7a5e9199dd169c3293040dad2a06bdc32acfd74814ab26080c52,no,no,True,True,,214,clean_holdout_natural,det-counterfactual,cladder:9965
no,False,no,False,False,63601dcfea371b75737a2b0e0002d84560de1e6d3b1f992e9cddd5f6cad7b4c1,yes,yes,True,True,,215,clean_holdout_natural,correlation,cladder:28973
yes,True,yes,False,True,6dc3083cd96d40b7b190df73d36765f652cff353be642ef50a81b190b4f71d21,yes,yes,True,True,,216,clean_holdout_natural,correlation,cladder:18794
no,True,no,False,True,c2f76dd2900f423fcc8505f4a68becddde5dcf22f3bba99f4f9767c249427824,no,no,True,True,,217,clean_holdout_natural,ett,cladder:16019
yes,True,yes,False,True,64adcd9d51f1b1032862534842175bacfad1e80b0febfd39cf87140c4ebb88a1,yes,yes,True,True,,218,clean_holdout_natural,marginal,cladder:26941
no,False,no,False,False,e99339ff319feb0cb0365bd53e210336cced5d5185dd657c207c349c9cde9ae3,yes,yes,True,True,,219,clean_holdout_natural,collider_bias,cladder:6688
no,True,no,False,True,3bb05b41c3afcff023b79da05dee71e65c2cd8456e9b093743f8a4a2ca524d9a,no,no,True,True,,220,clean_holdout_natural,det-counterfactual,cladder:9838
yes,True,yes,False,True,b4ad89d1c810d40331178c154e6e3dc3c1572a56c46c497981e9af208a9cc0d8,yes,yes,True,True,,221,clean_holdout_natural,ett,cladder:14742
no,True,no,False,True,48963822122af297c1baad1dbc2b59f9c443b1ccbe18c508647ecaaa072940f3,no,no,True,True,,222,clean_holdout_natural,backadj,cladder:13798
no,True,no,False,True,c41f2c7f54f4c6eec9dfa856b9091304dfba7a8799d0c018c15cb68ab931cd4c,no,no,True,True,,223,clean_holdout_natural,ate,cladder:13538
yes,True,yes,False,True,ad5967881e0c89ea52b0bf7a590f93fff2c7e09e131328f69a1c1dd5a9b8fc2d,yes,yes,True,True,,224,clean_holdout_natural,ett,cladder:26855
no,True,no,False,True,be763f84d4484e370287b436ed7ecc7a25cf31df16bb06bc702a6ccc7a908199,no,no,True,True,,225,clean_holdout_natural,ett,cladder:25546
yes,True,yes,False,True,795e58fdf51979471f498da7e9706ef655636897553892de933407f25fc7967d,yes,yes,True,True,,226,clean_holdout_natural,det-counterfactual,cladder:9648
yes,True,yes,False,True,8610cf0227e04e53d9f42e486039e0f4af6743a54ed9fc6f508d002d1571ba41,yes,yes,True,True,,227,clean_holdout_natural,det-counterfactual,cladder:30392
no,True,no,False,True,c7156e895a1bc1542b54d3b008f37466787c5a7d2be1ab14df713baf822cb51b,no,no,True,True,,228,clean_holdout_natural,ate,cladder:3561
no,True,no,False,True,da25e12bad2abf74e7a08471dd06f7dd611068e2c142a2740889f83824f7b0d0,no,no,True,True,,229,clean_holdout_natural,correlation,cladder:10711
no,True,no,False,True,d45c9f98559e2fd06af9fbeede3f09dfc65886d07e434a56216e92a4124ddded,no,no,True,True,,230,clean_holdout_natural,correlation,cladder:8597
no,True,no,False,True,f1471e60640c5710fc1864959660d3651cde14c53bb700903776394be7c72fa8,no,no,True,True,,231,clean_holdout_natural,correlation,cladder:21387
yes,True,yes,False,True,2e282669f9bfb8804ba0dde658215d98e9f8184e4d7104ee92e149e3f7497529,yes,yes,True,True,,232,clean_holdout_natural,ett,cladder:14641
yes,True,yes,False,True,79892d0e5c475d2660241603f9ae63a3b8db72077f05129ccb2bd3a46e331b7d,yes,yes,True,True,,233,clean_holdout_natural,det-counterfactual,cladder:9668
yes,True,yes,False,True,c975f91b50c7f596d84640510cbedf18f36f413221bd93ddfb4f98c73d195969,yes,yes,True,True,,234,clean_holdout_natural,nde,cladder:2237
no,True,no,False,True,67d38ec159a15ae17429719a05c75f070905ce4937e3d1de1d3ea554abb962d7,no,no,True,True,,235,clean_holdout_natural,ett,cladder:16216
yes,True,yes,False,True,2bde1153e0d4e61744838862bb2847aaea57f3eaf7b0fd5623d51397c7d06c77,yes,yes,True,True,,236,clean_holdout_natural,marginal,cladder:25815
yes,True,yes,False,True,5aff5e2fb61a2b122ea55353a88aa344292c3da7066fba7e93b0b632f0c222b4,yes,yes,True,True,,237,clean_holdout_natural,ett,cladder:24343
no,True,no,False,True,383dfb54faed342714e0dc300fa5fb056d35d2ef08a34fb0ca71f7d9f62e2ca0,no,no,True,True,,238,clean_holdout_natural,correlation,cladder:11991
yes,True,yes,False,True,380558f80762a92b645bd277c38d07e2d3f12c4f611457b1ff562d3a4a5b29a1,yes,yes,True,True,,239,clean_holdout_natural,correlation,cladder:8847
no,True,no,False,True,c1c739ab17aa980ee7bb70a9843296a262d114c93c891e604d49c99a19362b4f,no,no,True,True,,240,clean_holdout_natural,ett,cladder:14035
yes,True,yes,False,True,d5ced7c7976f4e7167dda50b634f4c92983b7c3f4e5a35597566cf33110ce5b7,yes,yes,True,True,,241,clean_holdout_natural,ate,cladder:25541
yes,True,yes,False,True,4209014f46ba92bf929485a45ff0e16c1483fde10919d81cfd1c443c71bc35a5,yes,yes,True,True,,242,clean_holdout_natural,nie,cladder:5991
yes,True,yes,False,True,c2aebf33cb7dc753191b15bcda697c3f47ca608971980dbb7ff677222ff5bd82,yes,yes,True,True,,243,clean_holdout_natural,marginal,cladder:3842
no,False,no,False,False,1515225492dfd20a4bcd592c74a388cfe0de51eefb1ade892e21930d7da3f833,yes,yes,True,True,,244,clean_holdout_natural,collider_bias,cladder:17854
yes,True,yes,False,True,ec93f591e29db0019b90eba3b4238355edb0a47d3ce42c6b52306033da165b3a,yes,yes,True,True,,245,clean_holdout_natural,nie,cladder:14659
yes,True,yes,False,True,b083ce1d273a235b7a5e28e343073a594d33366f12861984b61d812a54afa06c,yes,yes,True,True,,246,clean_holdout_natural,ett,cladder:10670
no,True,no,False,True,a279fe805080c54fb3dd75a6e4e8ad385b2018149185248730c10b5b8a10432a,no,no,True,True,,247,clean_holdout_natural,collider_bias,cladder:7444
yes,True,yes,False,True,bfe555c2eb41583ee0243814dda0452b464cfba757736d49f080d9836ebf31b3,yes,yes,True,True,,248,clean_holdout_natural,correlation,cladder:26880
yes,True,yes,False,True,97b5d6778b472b92a95cae86994cc238922310a06702cada1ecbe8aa3faac604,yes,yes,True,True,,249,clean_holdout_natural,ate,cladder:22010
yes,True,yes,False,True,9ca0f63e440aaf11fe2d680a0c46b07b4d5e77be4bad20902cb99a3c80c9dfef,yes,yes,True,True,,250,clean_holdout_natural,ate,cladder:11521
yes,True,yes,False,True,16ed41500f93b541ef3008d680cde6d005e96bb44c5d6413ff5ff50f30951ccf,yes,yes,True,True,,251,clean_holdout_natural,marginal,cladder:3638
no,True,no,False,True,daade2ff3b9ca2c6f95f8e412a1a7579ad1e111e84ac38cf9742301af17fd187,no,no,True,True,,252,clean_holdout_natural,ate,cladder:21788
no,True,no,False,True,c023b9cb7d509e6057ff7a0794c30500b3de088c3894bd3bc9b1a0f3d5ab6728,no,no,True,True,,253,clean_holdout_natural,ate,cladder:20863
no,False,no,False,False,0fa4ee98f0e07bffc074d44f1afcb608109578b31eff21266f581c972cc21e03,yes,no,False,True,,254,clean_holdout_natural,det-counterfactual,cladder:30149
yes,True,yes,False,True,624efd15cd53e9c3142fd512a1b656ca5fe7b344eb8917ff15a2f81bfe6f27e9,yes,yes,True,True,,255,clean_holdout_natural,correlation,cladder:8566
no,True,no,False,True,7336fb62e7e8ca42be8ab1cbd0ae4dd3b49e715227dceaa092e28c9d780a43f3,no,no,True,True,,256,clean_holdout_natural,nie,cladder:13348
yes,True,yes,False,True,6b222ffaa9239cb645d45fd073bcf37b0452cdadc176a7adb7b3753be723baf2,yes,yes,True,True,,257,clean_holdout_natural,marginal,cladder:26011
yes,True,yes,False,True,0cfd79d52fe5646e641d9ceb4f74600e7c68eb1d8eae69ce059fc21ddd5cbf67,yes,yes,True,True,,258,clean_holdout_natural,ate,cladder:4506
yes,True,yes,False,True,d55c2108601a9c72069c0506bc4e8c1d4c61ff562cfdbcc6c58f34c607bb33e4,yes,yes,True,True,,259,clean_holdout_natural,correlation,cladder:27659
no,True,no,False,True,a68c020c5dbac5b4ce37d9404d44872d7134945ac1f7745a0dd5f252adcea6fd,no,no,True,True,,260,clean_holdout_natural,ate,cladder:18299
no,True,no,False,True,61465ea7fbecbb6d8b6253f2aa1d54b48c557942f72cdda3e41542bb8068d763,no,no,True,True,,261,clean_holdout_natural,marginal,cladder:3837
yes,True,yes,False,True,ab0537b10d74036606f07ba94d6a5bafdc2a2f984beab0081a5e96dd18388e03,yes,yes,True,True,,262,clean_holdout_natural,ate,cladder:3166
yes,True,yes,False,True,c9f036b85a72d22248b465177e09331f96c6768ce3af51c1f8296b9fd8a76024,yes,yes,True,True,,263,clean_holdout_natural,correlation,cladder:21898
no,True,no,False,True,9262ec0e4550de00c401709f524ee71bee0c6a065b875acf0a856df314012acf,no,no,True,True,,264,clean_holdout_natural,det-counterfactual,cladder:10238
yes,True,yes,False,True,e1a5e4b6f32bb279f8b4b2d5e0243243cd71f49558457a61391a26042e96f794,yes,yes,True,True,,265,clean_holdout_natural,ate,cladder:14165
yes,True,yes,False,True,d6b7b7df2dea0c7362723ef23423560bb67d2b3b5d3fd2b904b420481a445583,yes,yes,True,True,,266,clean_holdout_natural,marginal,cladder:6670
no,True,no,False,True,930fee7a6237a446dcebf8d1b9cbf12ff4353dc8d1b16af987f647c90b3506c8,no,no,True,True,,267,clean_holdout_natural,correlation,cladder:28651
no,True,no,False,True,441a382abe97bb81b3f5fe3f0bcdc349ef5cd33ce72cf819c51f5a77ef6adeb8,no,no,True,True,,268,clean_holdout_natural,ett,cladder:4516
no,True,no,False,True,32c26b088fb658257c473269c2c74353cec88b25b5651ebc7ceb87ecb04c7970,no,no,True,True,,269,clean_holdout_natural,correlation,cladder:502
yes,True,yes,False,True,c08f2454ba0c90b87fb8e5a58d29e17e19a81a71778c0b5db5b6b7cbd8afe01e,yes,yes,True,True,,270,clean_holdout_natural,marginal,cladder:16929
no,True,no,False,True,0dafb6fc03f1ae2b24e187807c3f93111e9f554929ad50e0b300808da75f5fe2,no,no,True,True,,271,clean_holdout_natural,marginal,cladder:22972
no,True,no,False,True,c0a90a621caadd303d0064a45898a3d95139b37978cf66eeae8c2e14abcb7a23,no,no,True,True,,272,clean_holdout_natural,det-counterfactual,cladder:29666
no,True,no,False,True,4e3871d4f5e35f53ac4418a510a4f9755229264a234b54b4cc244af1f3f84410,no,no,True,True,,273,clean_holdout_natural,marginal,cladder:28739
yes,True,yes,False,True,3d6c94796962d2d5f536742813cede3302699c587757c1f8dd212dadbc660967,yes,yes,True,True,,274,clean_holdout_natural,marginal,cladder:29518
yes,True,yes,False,True,94d00257b3885c31eb3f5a6bdacb26c6e7c9e874f5b692c36c9c881a3ca47abc,yes,yes,True,True,,275,clean_holdout_natural,marginal,cladder:11990
no,True,no,False,True,60a3c8847803b0b4748722d822233ae2c7cf89f23392e4708b44025b018a3147,no,no,True,True,,276,clean_holdout_natural,marginal,cladder:24787
no,True,no,False,True,b1489832128d2e6d67c95ba8240e4ef25a53f1740167b8d19c4497bf34632bfe,no,no,True,True,,277,clean_holdout_natural,correlation,cladder:3834
no,True,no,False,True,e2ebcde45845920e06fa8eabaf429799be6cd036ee914ab6ec8a20819d8a66af,no,no,True,True,,278,clean_holdout_natural,nde,cladder:18188
no,True,no,False,True,b2a90e1fc8924f68cb49a8754eb71261c0f175e876279509198ceb4fb3d6276f,no,no,True,True,,279,clean_holdout_natural,ate,cladder:23112
no,True,no,False,True,1c4a4e4838fbf459e0c14c50ad9701d4cf11f9752dcf90e25fc30f03acf3b97d,no,no,True,True,,280,clean_holdout_natural,marginal,cladder:15533
yes,True,yes,False,True,3673ad430905a2b901282cb40f5c0f69c875d2c2bac63d5cb44c6ac319c06c1c,yes,yes,True,True,,281,clean_holdout_natural,marginal,cladder:11385
no,True,no,False,True,d3b47cce3d1e43ef10243ded11d3515106a9117bd77cc9a56253505a3695a13b,no,no,True,True,,282,clean_holdout_natural,nie,cladder:29000
yes,True,yes,False,True,f569c152cafba0e7fb4d80404129a58d97e39e30f19f47610e847d152dbf2381,yes,yes,True,True,,283,clean_holdout_natural,nie,cladder:23470
yes,True,yes,False,True,6c97fe39f17536cd9bcb6ea9ca22536e4434ccf855a507809e0f4945d8361e9f,yes,no,False,True,,284,clean_holdout_natural,ate,cladder:14570
no,True,no,False,True,91905b16bc0a6e0f0486d689447180feef58f11ba22f81d2fee9b171427ae590,no,no,True,True,,285,clean_holdout_natural,ett,cladder:24903
no,True,no,False,True,d309882fffc82a2474f6fab50e1179ec1905947f4b8486ac41285864abfd34b0,no,no,True,True,,286,clean_holdout_natural,ate,cladder:13925
no,True,no,False,True,e87ca5c096a71cbcf9696808e316fdf3efae36d6c2111926264817d65ba3b9d5,no,no,True,True,,287,clean_holdout_natural,ate,cladder:27018
yes,True,yes,False,True,3deb4d2b43fb150b757452d332a61f3f2197bbc58e05be37896c3d555abe6ca1,yes,yes,True,True,,288,clean_holdout_natural,marginal,cladder:24179
no,True,no,False,True,43b7bba57a1767c3a1c8a5fb0180c645471fb782ec448f11420da99986c8a832,no,no,True,True,,289,clean_holdout_natural,correlation,cladder:25794
yes,True,yes,False,True,460a4f934fbf41ab97ce809924793f7bbf590d14d16d7879480277864c9f56b0,yes,yes,True,True,,290,clean_holdout_natural,ett,cladder:23353
no,True,no,False,True,a737006f18525746570558d845b1e9bdde96d025fd4904b737bb98000927352a,no,no,True,True,,291,clean_holdout_natural,correlation,cladder:348
no,True,no,False,True,c2d9d5aeede9c5fed2212dfbaad9791946b4a484f3a3dd49fcaa5acdae188908,no,no,True,True,,292,clean_holdout_natural,det-counterfactual,cladder:20654
no,True,no,False,True,8ff0d289469567e4719ca65695705929d0c5099819fd505f7161d61c9419c29f,no,no,True,True,,293,clean_holdout_natural,det-counterfactual,cladder:9693
yes,True,yes,False,True,2f08b03615202e07b06ddef5c76adeea0330805359134e97bb263e148d514358,yes,yes,True,True,,294,clean_holdout_natural,det-counterfactual,cladder:10364
no,True,no,False,True,277dea2a1a2008b3675fec242530ed41f283b348f0d19b90ca2c003dff4339f4,no,no,True,True,,295,clean_holdout_natural,nie,cladder:26819
no,True,no,False,True,b950850a88efc8ef8618cf92c2cdcce12b082cfe295e0e36f6c71c07367a1582,no,no,True,True,,296,clean_holdout_natural,marginal,cladder:10794
no,True,no,False,True,77acac1aec3540062233f6ac021b3c18149906696ec68a72f142bfc27c91b050,no,no,True,True,,297,clean_holdout_natural,correlation,cladder:11195
yes,True,yes,False,True,093f4ae490c35b97dbab53f8e25d441743c438e7f897f0ab8ee432f6b284d63d,yes,yes,True,True,,298,clean_holdout_natural,ett,cladder:1448
yes,True,yes,False,True,6eac02a5c64cfc919ac74fe5217f4ad6ca8ba640908beaffebb3684c46625bc4,yes,yes,True,True,,299,clean_holdout_natural,correlation,cladder:10657
no,True,no,False,True,a9342f0a001a5b15337648a48720dfd41fd9cbdd2e6c107c6ac075d90df4044b,no,no,True,True,,300,clean_holdout_natural,correlation,cladder:1673
yes,True,yes,False,True,0cb96225aa0d2a75dae10eda8aa8755ef0dd21b49fc073b5a4695847d2ba1401,yes,yes,True,True,,301,clean_holdout_natural,nde,cladder:21503
yes,True,yes,False,True,f2aadcbfc5a9c97515869b8c993cd933db1520ae050c0da7ca482616784ca7f3,yes,yes,True,True,,302,clean_holdout_natural,correlation,cladder:8257
yes,True,yes,False,True,02e240f01c209b507c100344e792da17e7503a23bfc7f5b235e5f6d5093d3e13,yes,yes,True,True,,303,clean_holdout_natural,marginal,cladder:27416
yes,True,yes,False,True,44c0b924161c07e4785c5ad261ff0d3d1a0ab2c679b4a4f38f45fea818b2abda,yes,yes,True,True,,304,clean_holdout_natural,marginal,cladder:19527
no,True,no,False,True,cca1d176ab9db47d3962f1c59d991f64ecff46aa58e6145e462316e29f1e7bf9,no,no,True,True,,305,clean_holdout_natural,marginal,cladder:23192
no,True,no,False,True,1f421f99cf8fb055b03c4f44ddd5c15ca245224c1c398c65959ff699bf7c28e0,no,no,True,True,,306,clean_holdout_natural,marginal,cladder:26692
yes,True,yes,False,True,c209fc8b65c5a3d38a0c2948b9e35ddd44c97fcc79d94d96153893a485d9a804,yes,yes,True,True,,307,clean_holdout_natural,correlation,cladder:10421
no,True,no,False,True,aefb898541d9b0305db862236e5fdb64d8670507da1c0b11f65bf3036f9f3ca4,no,no,True,True,,308,clean_holdout_natural,exp_away,cladder:6323
yes,True,yes,False,True,72e23dbc94eb9867ec0c9843248b9e88cbbfa0c58b3fd070b5ed0a9fbe5fbd34,yes,yes,True,True,,309,clean_holdout_natural,ett,cladder:17731
no,True,no,False,True,4c2a8fa66ac2629d022127a3da2c7470e59acac1508d0ac3d3989502df740618,no,no,True,True,,310,clean_holdout_natural,marginal,cladder:9401
no,True,no,False,True,87a5e21e6b8f4736d402ea772d2032033866613d4eb346ea4b1c3846f261a6f9,no,no,True,True,,311,clean_holdout_natural,marginal,cladder:12354
no,True,no,False,True,f0a458b7439fe6ba7237b09eef8143a245f59b3ccbdb835100a367d694f4b711,no,no,True,True,,312,clean_holdout_natural,ett,cladder:23017
no,True,no,False,True,29ccd8d34fcfea76eb70d6e9fece403f9573623d147df036c80985433a10972f,no,no,True,True,,313,clean_holdout_natural,marginal,cladder:21643
yes,True,yes,False,True,38484045aad6cccf1d063b1bc55322b27795892310b0598554648a445dd8fc5d,yes,yes,True,True,,314,clean_holdout_natural,det-counterfactual,cladder:9856
yes,True,yes,False,True,f23af77a16e1e28d4dfc6269dea31f3dcf6877f4321930960aa558043f9bd03b,yes,yes,True,True,,315,clean_holdout_natural,nie,cladder:9016
yes,True,yes,False,True,4b9fc07514167bc03c34242ccc5fecfe6fb1dad6368e8a8b548db35df9c63f2c,yes,yes,True,True,,316,clean_holdout_natural,marginal,cladder:29253
yes,True,yes,False,True,ccf33fd2349eb68ee590203a00b91e50b05aebc7af9316c2bc76e31f0bcb93d6,yes,yes,True,True,,317,clean_holdout_natural,marginal,cladder:19715
yes,True,yes,False,True,72840072ea7882e5932477591476be77137b83e27e4dda9c5f9aab35b1924cad,yes,yes,True,True,,318,clean_holdout_natural,det-counterfactual,cladder:30419
yes,True,yes,False,True,3177d9b2f86206132ffcad7df0c206bc70c7863fbb234942b984913db65952be,yes,yes,True,True,,319,clean_holdout_natural,nde,cladder:18080
no,True,no,False,True,6a81b0a2fffdb96a31ec300cb5e5a708112fa60adb0395ebab9766696ee74cc9,no,no,True,True,,320,clean_holdout_natural,ett,cladder:14102
yes,True,yes,False,True,16d08b9ed759c9ccd433718758d09063d06ad68aef1ee772c2ef5e8af358d089,yes,yes,True,True,,321,clean_holdout_natural,marginal,cladder:27577
no,True,no,False,True,9c8d6c90ab65f1b0053216402ff29beca55287739b55247d7f8314afac9edd16,no,no,True,True,,322,clean_holdout_natural,correlation,cladder:14980
yes,True,yes,False,True,bc8f7d6c865bc740822962b2776f1e79657b47315824308bff4dde69e492085a,yes,yes,True,True,,323,clean_holdout_natural,ett,cladder:6499
no,True,no,False,True,fefe1ff99a705a80acc07c828a94f145986f4799f96bd5e99f41a5eb9eb659fe,no,no,True,True,,324,clean_holdout_natural,ate,cladder:16402
no,True,no,False,True,783911eac9b7204bb7c08b4b1ae806cd3097b72b06c876105abaeeef01a4a156,no,no,True,True,,325,clean_holdout_natural,nde,cladder:7012
yes,True,yes,False,True,a374908a42d952e39f1f98b3480fe7ecdc6ef2b4f097bfba8c9c2467a41eae3a,yes,yes,True,True,,326,clean_holdout_natural,correlation,cladder:25384
no,True,no,False,True,75c76449cc974553fef0a53c8d68f754ab574817e200c0acc0e98cdeaac0c498,no,no,True,True,,327,clean_holdout_natural,det-counterfactual,cladder:20350
yes,True,yes,False,True,8d369dfd64680f0e0c70372a8d547504731d3523ac19c762222cbdd3e4b5f357,yes,yes,True,True,,328,clean_holdout_natural,ate,cladder:11391
yes,True,yes,False,True,6d089fb30af64520fa786d4d8bb33b4cba3767af0fd5cf7585a7812a07febaff,yes,yes,True,True,,329,clean_holdout_natural,correlation,cladder:15582
no,True,no,False,True,affeeb80291637f9a95a8d70baa7d71cc122a69337cbb97fbf150454325ab215,no,no,True,True,,330,clean_holdout_natural,ett,cladder:29416
no,True,no,False,True,335d1ecb45ba2bbcc7d4afbcda99fbeb4812f63a81da6e40c5be354ccb93ab83,no,no,True,True,,331,clean_holdout_natural,ate,cladder:27030
yes,True,yes,False,True,8f64a701f957f71e1e23b3ae30d169b5f0fa28d2a9388d005968a55726f83d15,yes,yes,True,True,,332,clean_holdout_natural,correlation,cladder:16598
no,False,no,False,False,5066cae03e9d8bffb7c7e56f220397dcec0c4cba3284ac8b67ef8b0a809bdfff,yes,yes,True,True,,333,clean_holdout_natural,correlation,cladder:1266
no,True,no,False,True,76d93a3cc1f8714a6f0129d81a6554d87abadf6845d2f9b1aa31e85196b6e3fd,no,no,True,True,,334,clean_holdout_natural,nde,cladder:8766
no,True,no,False,True,659f36584d42d24cb43f89bae0d37666843cdc86df85d4c86bc6784192252dd7,no,no,True,True,,335,clean_holdout_natural,marginal,cladder:29082
yes,True,yes,False,True,87706ce535d09c737bdf8e3f3675552448880c2c46854766333432711fea14bc,yes,yes,True,True,,336,clean_holdout_natural,ate,cladder:11590
no,True,no,False,True,0094e2c4b909acaf9ac704eb9dc534ecdb35874728bf4a989a65bc322795f2d9,no,no,True,True,,337,clean_holdout_natural,ate,cladder:21088
no,True,no,False,True,014bfa51977f3bd30748b0a06d7c00242c63238a82a985db104599e7c192dffc,no,no,True,True,,338,clean_holdout_natural,ate,cladder:28266
yes,True,yes,False,True,336c3b880dbc8043b850b90967870c9a80de90b1b4c1f3dc646d64a58f6c816c,yes,yes,True,True,,339,clean_holdout_natural,ate,cladder:4535
no,True,no,False,True,5408e95bb41391f4e02f510ad27934bf9993d65480659328bf6f28de796ca463,no,yes,False,True,,340,clean_holdout_natural,ate,cladder:20980
no,True,no,False,True,186db44c73ce1cad061a1391a8a9c44609b0439ac531bbc65f7de262fc5b953d,no,no,True,True,,341,clean_holdout_natural,marginal,cladder:18339
yes,True,yes,False,True,44ac84561716d26b4569697e40a0034e955adc64345d3bf2272f690477963aad,yes,yes,True,True,,342,clean_holdout_natural,correlation,cladder:22772
no,True,no,False,True,0cd81c08aeb94c00a11b085b52206b9af1cdc77d3886f2f75d7023f36cfe7168,no,yes,False,True,,343,clean_holdout_natural,ate,cladder:28419
yes,True,yes,False,True,58f1eea19b091d01881339b189587cefe26fb0ac4b5f4c1214916be3f1784c4a,yes,yes,True,True,,344,clean_holdout_natural,marginal,cladder:10867
yes,True,yes,False,True,73ecedb238e92e75e82cd57cff8075f06e52f3cf72e1b4c1d2936e7be47736c3,yes,yes,True,True,,345,clean_holdout_natural,ate,cladder:3472
no,True,no,False,True,ced57df6026475aaff38d86fce5d8af9404c78419f98394a599fccc544681342,no,no,True,True,,346,clean_holdout_natural,ate,cladder:18530
yes,True,yes,False,True,d63d3397ba6ddef21c7fc8ac3a384cd57bf6ae085c1b04c88f1cf84b9a251d73,yes,yes,True,True,,347,clean_holdout_natural,ate,cladder:26896
yes,True,yes,False,True,8fed74385f0bf0c54617105a79d075a9d34a7a39cc30f05d1b3699bb30050d25,yes,yes,True,True,,348,clean_holdout_natural,ate,cladder:8409
yes,True,yes,False,True,78db44916778f9a905b9d44f12c486be7562cb8342db4d7e6e48d43632dee064,yes,yes,True,True,,349,clean_holdout_natural,marginal,cladder:28280
yes,True,yes,False,True,9b51ab64b46d569a5e90e1a45fb42873b47d65f6e2a7737fb50a209ee130c997,yes,,False,True,,350,clean_holdout_natural,nie,cladder:11674
yes,True,yes,False,True,217f22551afdd87d164cb482d90d9d339d5b260ea39092ff9f4bcd83fad70513,yes,yes,True,True,,351,clean_holdout_natural,det-counterfactual,cladder:30535
yes,True,yes,False,True,55899d3db0203a3a7cb6d040c58a011e8290e35e462cf511c28b7b028248b56b,yes,yes,True,True,,352,clean_holdout_natural,correlation,cladder:16382
yes,True,yes,False,True,83ca893d7b036a1909d196d4f5d1a07c50d1ac66822324ed9ea2379a359d1d47,yes,yes,True,True,,353,clean_holdout_natural,correlation,cladder:29025
yes,True,yes,False,True,d4e9c3b0cde733e9a7c4b99ecb5d0183412a9f570a33b3e513738311c7d56d11,yes,yes,True,True,,354,clean_holdout_natural,marginal,cladder:1971
yes,True,yes,False,True,42a397a48cc1c577bd22035ce6a7e61124d36f9fc700dfe36297457a1764d06d,yes,yes,True,True,,355,clean_holdout_natural,marginal,cladder:15579
no,True,no,False,True,587df4bf3bb18a11db1a901d0de923694612f2b442a64dc5c3becebdf648e13b,no,no,True,True,,356,clean_holdout_natural,marginal,cladder:24246
yes,True,yes,False,True,277079a3890a0329ddfb0ee470f14570baeb13c4a623485f0ae7857aad73cb64,yes,yes,True,True,,357,clean_holdout_natural,det-counterfactual,cladder:29803
yes,True,yes,False,True,626c2f3d97d684b8ae6f2b7e78c4adbbf73d22f5351ccfeca0a77dfd08169d7f,yes,yes,True,True,,358,clean_holdout_natural,ate,cladder:6009
yes,True,yes,False,True,6d0979283a72bddfeb455617dc7118d565b8d9708eab7d0a263abc2b7bbd0392,yes,yes,True,True,,359,clean_holdout_natural,correlation,cladder:28632
yes,True,yes,False,True,ec59f621f4cba7dc72f044b7399c9213081b25ca9d0def167448c5fd1088f767,yes,yes,True,True,,360,clean_holdout_natural,correlation,cladder:1896
yes,True,yes,False,True,2939daec959a4f4e62507075f52759a966a3a1ca88e5f8a949c87528ac893cd0,yes,yes,True,True,,361,clean_holdout_natural,ett,cladder:26508
no,True,no,False,True,497ae041049dbc9e0a0af69b50365f614aba25927e48d51a0a4ee0f607bda833,no,yes,False,True,,362,clean_holdout_natural,ate,cladder:4295
yes,True,yes,False,True,750e33464f9c585b10af6c4e692ff5922338ad6a129a3613fd2349d41a16b742,yes,yes,True,True,,363,clean_holdout_natural,nie,cladder:14696
yes,True,yes,False,True,60cb643af6a34d2230476a17e383cb402774e3c322b725610f849383bffca31b,yes,yes,True,True,,364,clean_holdout_natural,marginal,cladder:11381
no,True,no,False,True,c6e9d942554be572a010fabd55df7649d6081a41d0a5802fb10ecf9d84e47466,no,no,True,True,,365,clean_holdout_natural,correlation,cladder:3221
yes,True,yes,False,True,5b874ab260cab6ccc175e9d89660f46c102fcd81aacc64beab323e00e36e3236,yes,yes,True,True,,366,clean_holdout_natural,nde,cladder:3191
no,True,no,False,True,9afe2067f0ff0d833330e31db42abc60c87ce472fda91656042859f65d3552f3,no,no,True,True,,367,clean_holdout_natural,ate,cladder:13899
yes,True,yes,False,True,0b1f2b324ed4bd98c2f6f8a3d254fab47439ab5a7f35c7ebe5f1961cad03a5dd,yes,yes,True,True,,368,clean_holdout_natural,ett,cladder:15815
no,True,no,False,True,3cc9c6b7f828b8ddaa22bf6f4e28dd51d995287793ac9a1f2c3c0f9a2af1ae2f,no,no,True,True,,369,clean_holdout_natural,marginal,cladder:19378
no,True,no,False,True,fb5583074e44c21191b9214d5730b3b1e4cd494c0800ae5401dc93f28f845e64,no,no,True,True,,370,clean_holdout_natural,ate,cladder:5133
no,True,no,False,True,0bd682f9ca901d6f22e21062314148ba6291da1044de2d50171cace449ed99c4,no,no,True,True,,371,clean_holdout_natural,marginal,cladder:332
no,True,no,False,True,8694b9fcc93589595a84589cd4c998f3566f2fff682895e0081b834e3b039ed0,no,no,True,True,,372,clean_holdout_natural,exp_away,cladder:16673
no,True,no,False,True,ae693ff0311703fa565419a4354538cbefbe8f0af5f634ee9257e15134ac8812,no,no,True,True,,373,clean_holdout_natural,collider_bias,cladder:23537
no,True,no,False,True,868e569443a9b61d89e7596a4186ae3791d79892abbb00a513db20e55b6ae199,no,no,True,True,,374,clean_holdout_natural,ate,cladder:25207
no,True,no,False,True,cedcfb924479eb0d17c0a38cced6007c4cc32515843927835d2e1e73f019f5df,no,no,True,True,,375,clean_holdout_natural,ate,cladder:21268
no,True,no,False,True,5a8fda6017bf8a5dd2fa6415f89d6fea5e7872e34c431f908e380729d124b99d,no,no,True,True,,376,clean_holdout_natural,correlation,cladder:29531
yes,True,yes,False,True,0fa3bed8f81c691b77385353df146248f2b08fd917c817aedd43bd7bf4eef348,yes,yes,True,True,,377,clean_holdout_natural,ate,cladder:26504
yes,True,yes,False,True,95771a3b4e15503a27b4a6e192c38d6681e381d834b74543e20bfe3f78982843,yes,yes,True,True,,378,clean_holdout_natural,ett,cladder:29123
no,False,no,False,False,fef486f9abacccb583d3e53f443f1b102c1944a79279383574cf20801838feb9,yes,no,False,True,,379,clean_holdout_natural,det-counterfactual,cladder:9567
yes,True,yes,False,True,a467a4301dc6b280769935547772140282a3d7eff0ea0cf7f0add7c5cccd0149,yes,yes,True,True,,380,clean_holdout_natural,nde,cladder:21987
no,True,no,False,True,4a5d4c3fc635b7f5a851380d52ff2ceed894a8e00da84e4351151b54219d527b,no,no,True,True,,381,clean_holdout_natural,marginal,cladder:2658
yes,True,yes,False,True,9f220a98ecb753c8c51adc9c2eba95e0cf59c2c6a1e0334208b9831eb9b676f0,yes,yes,True,True,,382,clean_holdout_natural,nde,cladder:1125
yes,True,yes,False,True,9fadf5474e24a2b98f022b3c1ea73600af47799852d07607c2239c73cc55d8ce,yes,yes,True,True,,383,clean_holdout_natural,ate,cladder:3613
no,True,no,False,True,2c09320d4e718a0350a71d2ce92c8c2126f226982f1bc7a0f49995c54f0e621d,no,no,True,True,,384,clean_holdout_natural,backadj,cladder:14067
yes,True,yes,False,True,c198b9f67d3cacb50297a87fc40dfd6f4bf82b0bac4e84f85350f42964d1bf0e,yes,yes,True,True,,385,clean_holdout_natural,ett,cladder:17794
yes,True,yes,False,True,9c53e70ab910151267b4bdc0a6b2ffc1b02127f39f58f872934b2abb5fa727d7,yes,yes,True,True,,386,clean_holdout_natural,marginal,cladder:19441
no,True,no,False,True,23f6429f1f2a7df86c8d90d05c18e12ae6486bc72a0cd6aee0fccf91028320f8,no,no,True,True,,387,clean_holdout_natural,det-counterfactual,cladder:10136
no,False,no,False,False,d1e310ad32ab8b12dcc5b5142a2aeb1f2e1b0029b4cde346a418d2abbb43e09c,yes,yes,True,True,,388,clean_holdout_natural,ate,cladder:13836
no,True,no,False,True,a45d4229f8060d0a78af1f18fbcc5c1efb1422ddb007d9580f0b6b90a8170021,no,no,True,True,,389,clean_holdout_natural,det-counterfactual,cladder:20323
no,True,no,False,True,d9a261310734539cf709304eee13d7cb7c082cc5e8fb00cebda8780254af15ab,no,no,True,True,,390,clean_holdout_natural,ett,cladder:29505
no,True,no,False,True,010e3a196395eb6b71b68c76a5281cf0633fd2eb5474aaf0edcd0b6753c90d72,no,no,True,True,,391,clean_holdout_natural,det-counterfactual,cladder:29636
yes,True,yes,False,True,b27b457d7e396c40c539649e7bf3dc3ec63759bf429bceb6bdef37f79d3d2394,yes,yes,True,True,,392,clean_holdout_natural,nde,cladder:19496
no,True,no,False,True,b3b94de058740e825ba3697c07aa823562fb7c193e00df37b120046a1ff5fa5b,no,no,True,True,,393,clean_holdout_natural,marginal,cladder:15686
no,True,no,False,True,f60ed43064dca5539c89d13624f78ff5c9778589a208520f6a96b91529587d74,no,no,True,True,,394,clean_holdout_natural,ate,cladder:7974
yes,True,yes,False,True,b59e14a22e481bc94b6ae80e70c058a89d062acac628e97092644cde50d19e69,yes,yes,True,True,,395,clean_holdout_natural,ett,cladder:1405
yes,True,yes,False,True,d938b5bb705815a5d035b27d9dde00664a8b89b71f4ab5ffdf5e71963102ddf3,yes,yes,True,True,,396,clean_holdout_natural,ett,cladder:29109
yes,True,yes,False,True,e1cd21a85e689a06de3d45da6b35fd8f8189c49a4b849bbc05890f078ad5c154,yes,yes,True,True,,397,clean_holdout_natural,ate,cladder:9202
no,False,no,False,False,ec137b122e5d676ed9335cf972e787088c9ba7b911412fa1e4360c3a3be46025,yes,yes,True,True,,398,clean_holdout_natural,collider_bias,cladder:16733
no,True,no,False,True,8e1a838afcd367ed56b4830ec033fc784aed0dbc1eb8951efa10f612822a5cdc,no,no,True,True,,399,clean_holdout_natural,nde,cladder:119
no,True,no,False,True,634c6d9e0f5a46c9ee2415a730f2ca24d2c7fd850681fbdf0e12d654ea5e157f,no,no,True,True,,400,clean_holdout_natural,ate,cladder:453
no,True,no,False,True,d7db2f5f03b9f712e6b2ab2adc1622016a7070781de073b330c47eee51fe27ba,no,no,True,True,,401,clean_holdout_natural,correlation,cladder:3150
yes,False,yes,False,False,9b99456e283e202371cadb33e74ce4345e26ba2b1abc502a8f138bc9db8d60bc,no,yes,False,True,,402,clean_holdout_natural,ett,cladder:11273
no,True,no,False,True,4712ba7f85cd92974e745475d5b39ad59d44ccfdb3b7b1ab60da8eaa5b8dc525,no,no,True,True,,403,clean_holdout_natural,marginal,cladder:5157
no,True,no,False,True,1bbc910ac289a47f1c991ef8cc78f4606c6bf87da9a788a3c5e55568c6d3304a,no,no,True,True,,404,clean_holdout_natural,correlation,cladder:4239
yes,True,yes,False,True,a9260e9d06e1427199ae6f158bbf5ece2290eefe8127887985dcc9f6bc88e7c5,yes,yes,True,True,,405,clean_holdout_natural,ate,cladder:5691
no,False,no,False,False,4750234dd84354a6f4a6ce830c59b989299feaec1e1e4f3e5ae6ac6322636d00,yes,yes,True,True,,406,clean_holdout_natural,collider_bias,cladder:2642
no,True,no,False,True,3cab607f361a809706a9154657248f7dcd8dbe3912284cb0eceaad39bf65f95c,no,no,True,True,,407,clean_holdout_natural,exp_away,cladder:6690
yes,True,yes,False,True,daafa0e188778de26909122ab888063961ddf43a1ff1c342772598000a490be6,yes,yes,True,True,,408,clean_holdout_natural,marginal,cladder:13149
no,True,no,False,True,51b7f4124abd87d8f49ba075d1948f608df9c93f0a89cc1b8080ceda52a86db2,no,no,True,True,,409,clean_holdout_natural,nie,cladder:16583
no,True,no,False,True,459136627866216b2bc42ad165ead7d000926c76a33a43106ad3e227520fa55b,no,no,True,True,,410,clean_holdout_natural,det-counterfactual,cladder:9726
yes,True,yes,False,True,21cbc9d88f7ec36af95834e7d7edc41a360487b7320acfe687a4325536291eb1,yes,yes,True,True,,411,clean_holdout_natural,det-counterfactual,cladder:20095
yes,True,yes,False,True,22c1cf86c9008675f2cd36f2c91e188b4c68392ede4784e6a3a36f79cef09156,yes,yes,True,True,,412,clean_holdout_natural,correlation,cladder:10696
no,True,no,False,True,2ba4118da2f609003c9e31383ba216948c95d1cd0bc9768ebe71f31ae224af24,no,no,True,True,,413,clean_holdout_natural,marginal,cladder:20971
no,True,no,False,True,701d223aa0cd4d8bbd5878a81e90b161c3db9989c3a5d4798ace58b20a70fcb1,no,no,True,True,,414,clean_holdout_natural,nie,cladder:25083
yes,True,yes,False,True,d284739d4f6badafbff24dc08972bb60d8bff749db2bfa844e23a54cc4433f50,yes,yes,True,True,,415,clean_holdout_natural,exp_away,cladder:1957
yes,False,yes,False,False,d75c064db23fa09b6f965e0cd504e2561366b4f6a0bf5ef454530a6c8e6f9287,no,yes,False,True,,416,clean_holdout_natural,nie,cladder:6031
no,True,no,False,True,da314e41438268a11677193d330314abada11b5738ef7b2fe9f6fe73d8711635,no,no,True,True,,417,clean_holdout_natural,nie,cladder:13278
yes,True,yes,False,True,a58cfe13d02e7ad040375f58903dd0c90818cdd188011b3d66ed66da5cea70de,yes,yes,True,True,,418,clean_holdout_natural,marginal,cladder:23875
no,True,no,False,True,4b9214609317e8809dcbad218526215dc847d5f75d45eec21e4cb23e652c770d,no,no,True,True,,419,clean_holdout_natural,ett,cladder:28622
yes,True,yes,False,True,0ceb9cc8ae49dff597045c03005a93061ab4029411982fa119dc269108eb5836,yes,yes,True,True,,420,clean_holdout_natural,correlation,cladder:11083
no,True,no,False,True,9a4b2d0564b10c7bd613bf9f4ad4cc6115320ac9685e7be816a52c13341a5698,no,no,True,True,,421,clean_holdout_natural,marginal,cladder:25559
no,False,no,False,False,832a947606ab20946541f43b13476c3cea5c5876bc87ac05261c04eebe3d15e1,yes,yes,True,True,,422,clean_holdout_natural,ett,cladder:14350
yes,True,yes,False,True,906e7a0c5532948f1864a2a8bfb5c92f64d60ccb401fea013a1762a9a798a3d9,yes,yes,True,True,,423,clean_holdout_natural,ett,cladder:21837
yes,True,yes,False,True,67e50f78b50e976c224977c52fcefb696dffa3365141bd31dfd3f7197722a1ce,yes,yes,True,True,,424,clean_holdout_natural,ate,cladder:11607
yes,True,yes,False,True,d28430fa5ed281bfd10d4009a210ff2bd18abdbc932374b3d8fd5b625d7c4b17,yes,yes,True,True,,425,clean_holdout_natural,ate,cladder:349
yes,True,yes,False,True,5e5ef2e286c40d6e02e19bfca8e38cc3285eea93345b61dfd658a8935e9fb737,yes,yes,True,True,,426,clean_holdout_natural,ett,cladder:5463
no,True,no,False,True,8d3c86fa887493082ece82f33e435595bfafd7baa9989001c7bd01b06ae5e4f4,no,no,True,True,,427,clean_holdout_natural,marginal,cladder:18735
no,True,no,False,True,81124f73316d5879c1ab41419b4c29c1e0758436179bc633789a320afad12f72,no,no,True,True,,428,clean_holdout_natural,nie,cladder:22769
no,False,no,False,False,0b12a4957d02d6b59b3eea82f115b995f6940cd3050ecfc370274516b97542f5,yes,yes,True,True,,429,clean_holdout_natural,ett,cladder:327
yes,True,yes,False,True,c79742920de6014859600644e20b4008664d5a83b47a11594b9fe6f6f88a31f5,yes,yes,True,True,,430,clean_holdout_natural,nde,cladder:24170
yes,True,yes,False,True,4efbff1c4cba6b2f8302bd19ea5a347dcb329cb45832ce801c4397a8004becc9,yes,yes,True,True,,431,clean_holdout_natural,ate,cladder:29438
no,True,no,False,True,a5bbff062c05ae274c4907a86f75f40642f39cf82510ca6b8624e520b02da3f9,no,no,True,True,,432,clean_holdout_natural,marginal,cladder:21092
no,True,no,False,True,321eb18540d8d160df069cf93b4bb629931a143adf2f1e015fb8438067fa898f,no,no,True,True,,433,clean_holdout_natural,marginal,cladder:18575
yes,True,yes,False,True,91778cf5309f574d1f5c33a5dded8948c0fc49171159ada70244a456e5b3d481,yes,yes,True,True,,434,clean_holdout_natural,ett,cladder:27765
yes,True,yes,False,True,6ddadb1f4ec5d688cec97788a3e052f2fcb8a371ad764ba1823a4aa74c943ca7,yes,yes,True,True,,435,clean_holdout_natural,marginal,cladder:24252
yes,True,yes,False,True,184237978e1f82495907dbc62d22e9acc38f31aa5113d12334bbb1d6be3a3d16,yes,no,False,True,,436,clean_holdout_natural,backadj,cladder:13679
yes,True,yes,False,True,42e43d5f3fafa0014813fd25f5888ef9d83b11d2d672dea1b46814a256b928e5,yes,yes,True,True,,437,clean_holdout_natural,marginal,cladder:5475
yes,True,yes,False,True,e3b931b922311024cd95a4c219cd2659eac1e3d150bf40c981d95358366bf1f2,yes,yes,True,True,,438,clean_holdout_natural,ate,cladder:18686
yes,True,yes,False,True,a2bf49989e71234dba61050d2394c6599332c6e0488ef42a42822e5d8438d1d4,yes,yes,True,True,,439,clean_holdout_natural,marginal,cladder:17915
yes,True,yes,False,True,44354aa57f863af4a63c04bf056e12eeaba031cf8f6ef25bfac5499411091eb1,yes,yes,True,True,,440,clean_holdout_natural,correlation,cladder:11392
no,True,no,False,True,e0be36e3988742dc7a4f16e23010b666af180dc904164449212f44c35fa2f88d,no,no,True,True,,441,clean_holdout_natural,ate,cladder:6409
no,True,no,False,True,25384152ddb5a64a2c1137e278dc4bf072df859df8231ff691b5eef90d4afa66,no,no,True,True,,442,clean_holdout_natural,marginal,cladder:813
no,True,no,False,True,2b672557272f99b688f5e6f7130820ab214bbe67ef108ca98188127657591656,no,no,True,True,,443,clean_holdout_natural,marginal,cladder:28074
yes,True,yes,False,True,73543b2333ab14a2e798ac42576963693a3ff8b1a0f849bc765800c8df99d846,yes,yes,True,True,,444,clean_holdout_natural,det-counterfactual,cladder:30065
no,True,no,False,True,7306e84397c0733c9fcc30bf03596c88e6d4406615369ba24c498267b0a0754e,no,no,True,True,,445,clean_holdout_natural,marginal,cladder:6482
yes,True,yes,False,True,be1342044f630fc1da8a43f404ed7a94bd92ccebb910f111740a210e596a1aad,yes,yes,True,True,,446,clean_holdout_natural,marginal,cladder:6553
no,True,no,False,True,2463dce26fe82350171a6c7021802e1a459310d7caa9b598814012e0413c4730,no,no,True,True,,447,clean_holdout_natural,marginal,cladder:10710
no,True,no,False,True,cf7fd11e09a57d7b68eef1455e0cd5ff89dde88fac13f314ae88b53ce9e85c73,no,no,True,True,,448,clean_holdout_natural,ate,cladder:24970
no,True,no,False,True,ac4dda0ac5f6e632f3d81282062831a358d3db0388927d074dac5bb669ea84e7,no,no,True,True,,449,clean_holdout_natural,correlation,cladder:23580
no,True,no,False,True,6ee3972547769997148776f170b26b83eb87d5e7579181899219fa81c6e99e94,no,no,True,True,,450,clean_holdout_natural,correlation,cladder:8165
no,True,no,False,True,40437c3485566dc484fffc7f89dc2ab028bf6b9c35fa25eb6a1ebe819f11fd12,no,no,True,True,,451,clean_holdout_natural,marginal,cladder:571
no,True,no,False,True,5f44e01ef88bc282825f0e46a88df1a9cd41d52d2841bef394e13068756e70a9,no,no,True,True,,452,clean_holdout_natural,det-counterfactual,cladder:19949
no,True,no,False,True,19c637d5542049daffdcbf985364d3341ed8fb25b642fdbf7db0fdf0bbead9ba,no,no,True,True,,453,clean_holdout_natural,nie,cladder:17711
no,True,no,False,True,26a988e7106d6baa9d431dcffa9db4b57a933ba90f14e7f5cc90cd0c404f3de2,no,no,True,True,,454,clean_holdout_natural,correlation,cladder:9506
no,False,no,False,False,ce82a3062e5a2e4a8c83a3fa41655f943ff9366b390056c4900ccaa78b5a3dd4,yes,no,False,True,,455,clean_holdout_natural,ett,cladder:19407
yes,True,yes,False,True,f4560854475113063044087bec589dd9ddadf72d9511b9518eefc58960bedb0e,yes,yes,True,True,,456,clean_holdout_natural,ett,cladder:28727
no,True,no,False,True,15eeafae5c261e23752c0836a9d52c74f6a54c72594c2038496dd7f8e6da2f26,no,no,True,True,,457,clean_holdout_natural,correlation,cladder:16938
no,True,no,False,True,08ccc19d883f254cf2336d6105286a0486337031c80ccc1bd776d893569e8243,no,no,True,True,,458,clean_holdout_natural,det-counterfactual,cladder:29591
no,True,no,False,True,fd4f13094705df3247f772e0731e642c44d2cacac954685fb6b091c8946da52c,no,no,True,True,,459,clean_holdout_natural,marginal,cladder:18025
no,True,no,False,True,aa5da7a9f3d1a8763665fc7ae76f3256848edd9d28e7680c78d1b691d37b89b9,no,no,True,True,,460,clean_holdout_natural,ett,cladder:4131
yes,True,yes,False,True,fe3cf2630fef838e5e7a80b8db43427eb06820dc02bbdc6fd3c84d4de8d88ce3,yes,yes,True,True,,461,clean_holdout_natural,ate,cladder:1994
no,True,no,False,True,2b19b97654700d8bc824119705906e9f5e668a4f46d9111318c412804585c61f,no,no,True,True,,462,clean_holdout_natural,marginal,cladder:28572
no,True,no,False,True,039cb08dce75e97574e9160318b8d9d71e156791e7b7e84c3b2d7423ca00cf76,no,no,True,True,,463,clean_holdout_natural,ate,cladder:13624
yes,True,yes,False,True,2d8a7e1494a494ef96eb585ef332fe492dc20cfc07b1cbfccfa90373f86be1a2,yes,yes,True,True,,464,clean_holdout_natural,nie,cladder:25800
yes,True,yes,False,True,dc1781f4a9a6969480ead10685147d6463a629888ff92fef3d4264f413ce4896,yes,yes,True,True,,465,clean_holdout_natural,marginal,cladder:25505
yes,True,yes,False,True,71dd34f801cff2f0fdafe83ad4f4c3a538b31736baa76e5dd29db9a100f52dc3,yes,yes,True,True,,466,clean_holdout_natural,ett,cladder:23002
no,True,no,False,True,667b51b8c7a3c34069277f638b3ea7211b5a6dd6e0736621656a6d7af9e19a79,no,no,True,True,,467,clean_holdout_natural,ate,cladder:4247
no,True,no,False,True,de57c7ba9a3f4b0c4a1c50499a9c543e2dadb07797a4bbefa79faf3266e28a82,no,no,True,True,,468,clean_holdout_natural,correlation,cladder:16835
yes,True,yes,False,True,74a714b3f9c63750a067bc3ffd320613799574f3c15ece72f424de42ff48301c,yes,yes,True,True,,469,clean_holdout_natural,correlation,cladder:23964
yes,True,yes,False,True,07a4cd62f35882b607dfa9a901e3b4c39bbb1f664b107416956361f1b2e711f7,yes,yes,True,True,,470,clean_holdout_natural,correlation,cladder:6836
no,True,no,False,True,14af0fd2d220140831635ffc353737c0a8303fd3c57fb96e7cbfe75daddcc6ce,no,no,True,True,,471,clean_holdout_natural,marginal,cladder:17418
no,True,no,False,True,4bf6721477cb8cca474fce194a9c1112d44a051d326fd1e828223dec912248ff,no,no,True,True,,472,clean_holdout_natural,marginal,cladder:21284
no,True,no,False,True,21b42ce80009fb621b48cf73714ffb3fbc2b28b5febc9cb9c4f36aa97f728b76,no,no,True,True,,473,clean_holdout_natural,ate,cladder:8717
no,True,no,False,True,244f5cca461131defbfcf3b0c86eb13304948858f09c3010dd6328f60e17b5a8,no,no,True,True,,474,clean_holdout_natural,correlation,cladder:28609
no,True,no,False,True,dfeb5bf328333e733ad9cf21ec595680ae0bcc4daa3e42f732898d0a53bceacd,no,no,True,True,,475,clean_holdout_natural,ett,cladder:14970
no,True,no,False,True,68b19f953dd2ba8f0cbb96e1e4a1c2201b0dc13c585f314afbb677a81092d96c,no,no,True,True,,476,clean_holdout_natural,marginal,cladder:26942
yes,True,yes,False,True,7b147c886ff7e95fc157ee4c9429ba47f065c8cd70bafbcaf5529478e06381e6,yes,yes,True,True,,477,clean_holdout_natural,ate,cladder:27423
yes,True,yes,False,True,abb4063706a8e4bbd9c16f7c3d735592440c63e5c9821e43e00d9a96b721bb62,yes,yes,True,True,,478,clean_holdout_natural,det-counterfactual,cladder:29758
yes,True,yes,False,True,86033f40e8657b351280d6141ab151e114e193da9e4adf0516a624dd65176d91,yes,yes,True,True,,479,clean_holdout_natural,correlation,cladder:743
no,True,no,False,True,16936d38030f8de985e5e320481990bb7844c08bacf27c5fd228775c56c160d4,no,no,True,True,,480,clean_holdout_natural,correlation,cladder:20946
yes,True,yes,False,True,1924fe42fee4129e66b7379bc3cc037945767251018bb0dcf21e75aa2763795d,yes,yes,True,True,,481,clean_holdout_natural,marginal,cladder:4223
no,True,no,False,True,da7afda81ee71817973504c6a5819ad27761d2a7664cebb099ca21eb799ce676,no,no,True,True,,482,clean_holdout_natural,ate,cladder:4985
yes,True,yes,False,True,84717930f573384aeaac1ad36ad87775b85db7a07912059a68b9552067488221,yes,yes,True,True,,483,clean_holdout_natural,det-counterfactual,cladder:10234
no,True,no,False,True,a6b48816f3db647772cfc5d585adb632576ea2be87fe55477a5811fecc27fcbc,no,no,True,True,,484,clean_holdout_natural,correlation,cladder:14572
no,True,no,False,True,a009f954a4a880ad0fa7657e990f3cea2948e679e97cff1d959ff1e04a145358,no,no,True,True,,485,clean_holdout_natural,det-counterfactual,cladder:20050
no,True,no,False,True,0cfd9913388bf410adacce4fe3c743028a54da217e33089b1e76548c1c4f258c,no,no,True,True,,486,clean_holdout_natural,ate,cladder:17703
no,True,no,False,True,eb6ba0004be88a0bee26686748f127f22f0a16219d7a11911c1777e030ee2065,no,no,True,True,,487,clean_holdout_natural,correlation,cladder:28451
yes,True,yes,False,True,d8c38258dd78786820402e4325f75538d50bb281b7a0f4a26ff443c53fb3995e,yes,yes,True,True,,488,clean_holdout_natural,correlation,cladder:23364
yes,True,yes,False,True,00a01707763cda1226dc3b19ffcda68366a3cba72f940ebfd934de9778c1fed9,yes,yes,True,True,,489,clean_holdout_natural,correlation,cladder:29078
yes,True,yes,False,True,6388056d0341b5e81a0bf6b63f6b73b1545551fba02272b00e5e3eb4af818f38,yes,yes,True,True,,490,clean_holdout_natural,ate,cladder:2323
yes,True,yes,False,True,979ed9bab46bae33548f86adf1f95e6a4919920071fa9759d753737f4dc101f7,yes,yes,True,True,,491,clean_holdout_natural,marginal,cladder:11035
no,True,no,False,True,2ed8b2f2cee9572b7cb4182af0aa5b01f29ea4d147c3945857295301df648ebc,no,no,True,True,,492,clean_holdout_natural,nie,cladder:23148
no,True,no,False,True,71be49c4834ecd7a1b30048218c485a041dcb1ab7fa7040dd0c1ca0a1cea119c,no,no,True,True,,493,clean_holdout_natural,marginal,cladder:102
yes,True,yes,False,True,8d3e5392eafa7388111ac4ba756fc18902814361b28fd506c5df59f58f836552,yes,yes,True,True,,494,clean_holdout_natural,correlation,cladder:21867
yes,True,yes,False,True,3ba0eef53d05bfb7a4fb376079a07d8eaf82f85aee7a50515d7281b516fe965f,yes,yes,True,True,,495,clean_holdout_natural,ate,cladder:9081
no,True,no,False,True,8c3e8d2d073c63d5574bb86ed87899a2b31bf5dbb06d53f8c606e7925dc4a1bb,no,no,True,True,,496,clean_holdout_natural,marginal,cladder:27682
yes,True,yes,False,True,10b8a1e077f750001971e21133e426bc7947eab2f76bd2c04038907f00ecc590,yes,yes,True,True,,497,clean_holdout_natural,det-counterfactual,cladder:9865
no,True,no,False,True,548c8f86e5454c0ac099d00b166194d4f690e713c95e44ce4ce31243605da71f,no,no,True,True,,498,clean_holdout_natural,correlation,cladder:23264
no,True,no,False,True,6bb3303e98c09f7d6f044c97655f52dfea6b43fad849bd2e6a8cb9cc148da3be,no,no,True,True,,499,clean_holdout_natural,det-counterfactual,cladder:20023
yes,True,yes,False,True,8be30485f17e9674a3ad6587e82bb3f35892be23be88696f14b141a753ea9ae2,yes,yes,True,True,,500,clean_holdout_natural,ett,cladder:533
yes,True,yes,False,True,ff8722f2e42441eb5117b57f3e23ed4fa21eabd74f767f00760dec700587849d,yes,yes,True,True,,501,clean_holdout_natural,marginal,cladder:27701
yes,True,yes,False,True,33b0d761ddc175e4526d8d92dd4868e91dcfa2895ac1c76e1494fbb3b5bef431,yes,yes,True,True,,502,clean_holdout_natural,det-counterfactual,cladder:19995
yes,False,yes,False,False,94b2af87de3afacc09af7924b01c709058f170a90929615826d5662c5bafa203,no,yes,False,True,,503,clean_holdout_natural,ett,cladder:25363
no,True,no,False,True,99b0778c91478dfe20679c8dcc17edad875f16cf1e6d3d8e892d340778d7a6b8,no,no,True,True,,504,clean_holdout_natural,nie,cladder:28823
no,True,no,False,True,098e6f0e50257cf86fe29d9a8f4afcf60fa28ad65c074c2df711889b493cbe73,no,no,True,True,,505,clean_holdout_natural,marginal,cladder:27907
yes,True,yes,False,True,509d5473f79cf2e204f2a7d7bc58cde7e79cbe27efaeedd65e9a6554b0cb9047,yes,yes,True,True,,506,clean_holdout_natural,marginal,cladder:12374
no,True,no,False,True,f298e6e3ed7241929240688b57e4bd32aeea2bb6197df9363aa9585d8b2927fe,no,no,True,True,,507,clean_holdout_natural,ate,cladder:27083
yes,True,yes,False,True,52c99878120159b946a76e82aa19e76456e952f408f88499c3c4fff89c39fdb6,yes,yes,True,True,,508,clean_holdout_natural,ate,cladder:9383
yes,True,yes,False,True,744f46225a1bcf2081e4b73024b9d2774767dc101ce7cf03476ee2b852698158,yes,yes,True,True,,509,clean_holdout_natural,marginal,cladder:15779
yes,True,yes,False,True,3f3533f7206f636cb2c9ac0c870f93b137cc6d3342bc7b2c5d50d05d5ae2d030,yes,no,False,True,,510,clean_holdout_natural,ate,cladder:14632
yes,True,yes,False,True,a64222a5c623b3c88d02355399aecdbca2c5ddbc3706106e8da4e0e8e0a94f20,yes,yes,True,True,,511,clean_holdout_natural,correlation,cladder:29266
yes,True,yes,False,True,ad22a47b79e0131f9d35772cac90ce7b104f2680ecd1f9fded25b642ff0ab1d6,yes,yes,True,True,,512,clean_holdout_natural,correlation,cladder:16389
yes,True,yes,False,True,2abec433cd2f4c85e86b99b718f5863b24944e4d805837f7bca83068608fa6ee,yes,yes,True,True,,513,clean_holdout_natural,nde,cladder:17656
no,True,no,False,True,74a0d507454f256bcd271db5f5c21fd80fbca4a4689b9e2497f5fec76e0355b6,no,no,True,True,,514,clean_holdout_natural,correlation,cladder:9022
yes,True,yes,False,True,cbec1d1f9b0038388271be3a2ca48926f10d7974b9d050ea789e24370b4a1811,yes,yes,True,True,,515,clean_holdout_natural,ate,cladder:21173
no,True,no,False,True,9525c3b6c06c827d72fa53d5b4ae17f5a44de1344801aba692abb56d11b0133d,no,no,True,True,,516,clean_holdout_natural,ate,cladder:24214
no,True,no,False,True,9571c098a1c0e1b9dfdec9775d3f489d2d243373330d0280144c020ad39abbfa,no,no,True,True,,517,clean_holdout_natural,ate,cladder:22309
no,True,no,False,True,a4ff1371fa05d3dd3a87c1975ced0235677775b3d86a0b2a9cccafef86a4d218,no,no,True,True,,518,clean_holdout_natural,ett,cladder:4421
yes,True,yes,False,True,dae6bdf36560530fdcefb8f0216ef244ec2b1855640da86e5cd7fb667dcf5c52,yes,yes,True,True,,519,clean_holdout_natural,ate,cladder:25351
yes,True,yes,False,True,a90bffdcd0bd218de42a16c43a1cfa68f8b60efe2a20104f2cdf2440066c56d0,yes,yes,True,True,,520,clean_holdout_natural,ett,cladder:12920
no,True,no,False,True,fb29393972ba3d9dc59bc06965cdb262447b46a22db0da60e6268372c72ed57e,no,no,True,True,,521,clean_holdout_natural,marginal,cladder:6611
no,True,no,False,True,3520003babf4c06cf3af2e089350c083e624175fb2d535ebc77906a604005154,no,no,True,True,,522,clean_holdout_natural,marginal,cladder:10968
no,True,no,False,True,756319c668d745c74b70f76d82c52003a3061c5c50b490ebdf34962f982b3f98,no,no,True,True,,523,clean_holdout_natural,exp_away,cladder:2636
yes,True,yes,False,True,4a925ef637157467f098cb560fb49f2e4ccce5e48878c647f814b7bdf02caefb,yes,yes,True,True,,524,clean_holdout_natural,ate,cladder:4956
yes,True,yes,False,True,2365536ed9ac9dfe0ff817fdcf7fe40f35acc8e345aef5869514d80852fe347b,yes,yes,True,True,,525,clean_holdout_natural,marginal,cladder:5039
no,True,no,False,True,6ef1bb054784ac46de3c66fad47d01c5b70f74491233f8f6a581d9321dffe93c,no,yes,False,True,,526,clean_holdout_natural,ate,cladder:19416
no,True,no,False,True,f9a76879862af0b23cac242c501548ac28d9463154dd3306e67fd1f794834543,no,no,True,True,,527,clean_holdout_natural,nie,cladder:21594
yes,True,yes,False,True,58f335bc993dfd23aad017a98a5b11a4bc26c05853d7233e03aaea6a6b01dc02,yes,yes,True,True,,528,clean_holdout_natural,marginal,cladder:14007
yes,True,yes,False,True,70bdf81472a1f070b96e5033ca067f0bcaa180c219ae7d1c8b6fc8e106eea578,yes,yes,True,True,,529,clean_holdout_natural,marginal,cladder:8706
yes,True,yes,False,True,3eb8dadce51fe5d0a265e7e64d4fc7e2c13901a9b6ab0f432eb771b0da3511af,yes,yes,True,True,,530,clean_holdout_natural,correlation,cladder:26222
yes,True,yes,False,True,a965f98945032619af203c0667f17bd17d99219d49d0f6ddc7009a55aaf43274,yes,yes,True,True,,531,clean_holdout_natural,ett,cladder:15855
yes,True,yes,False,True,fc8ff1bb925e3d7f8a409f43939d7350d86f5c19418e202e64f7c31a2b59fb1f,yes,yes,True,True,,532,clean_holdout_natural,ate,cladder:13780
no,True,no,False,True,99a382d70f084ebbcccae8fb2cbdd465aae6c60bc0196c075b52519fdaa2c945,no,no,True,True,,533,clean_holdout_natural,ate,cladder:4710
no,True,no,False,True,b1deed1a84e622126d753dd8a5b24f731b369300a149f5467c286369e7fa9256,no,no,True,True,,534,clean_holdout_natural,nie,cladder:25074
no,True,no,False,True,2a8eaac0e3b396e0db3083e70b57b8834ca1d3bd64fe55d1668e0bc8070eba9c,no,no,True,True,,535,clean_holdout_natural,det-counterfactual,cladder:9637
no,True,no,False,True,ab518a4f9085c6d8876f5ee1c4e6635cd188743d7d10640584157818bd005759,no,no,True,True,,536,clean_holdout_natural,ate,cladder:11684
no,True,no,False,True,7cfeeb3bf24cbc0a85e4670d6a060b128eb326eb3dd9d95c2db6141f392e8686,no,no,True,True,,537,clean_holdout_natural,det-counterfactual,cladder:9770
yes,True,yes,False,True,ce4fa0a5daea4140ecf0de398a7933b4bc886edd760350320c8f996f1502f5e5,yes,yes,True,True,,538,clean_holdout_natural,ett,cladder:1187
yes,True,yes,False,True,6a75303d98b8c71bbd5eb84b64d3596a6bd25734e24b0a5412e9a30c3de09a5b,yes,yes,True,True,,539,clean_holdout_natural,ate,cladder:25582
no,True,no,False,True,0d98f877868c1e4d8fef3d56d66881224a131dd1d0c457af72eb3a76e9495549,no,no,True,True,,540,clean_holdout_natural,marginal,cladder:18605
no,True,no,False,True,2bf2fe73412298011af2d77623e8f5038d9c30b6f59ed37a3d4b47e04a81eee5,no,no,True,True,,541,clean_holdout_natural,marginal,cladder:1315
yes,True,yes,False,True,7a354ca79c99cacb497221f100fe0beaa648b7349bb8ed7984a0fa9c89ef6001,yes,yes,True,True,,542,clean_holdout_natural,correlation,cladder:11574
yes,True,yes,False,True,2711660243a1c120617e17d6d5bfd4dac5d5ff23de2feea4483b98be67b48d26,yes,yes,True,True,,543,clean_holdout_natural,det-counterfactual,cladder:10013
yes,True,yes,False,True,c5edf7475a3022f1ebf2f397b31d5c02abf1785d46fde6dc84e34805c24c1914,yes,yes,True,True,,544,clean_holdout_natural,ett,cladder:8556
no,True,no,False,True,d755d83d4fb20856cac62289187f7f82abf87409ba396f21b12d085865e8e9ac,no,no,True,True,,545,clean_holdout_natural,nde,cladder:19287
yes,True,yes,False,True,0138e6b5860a72975d6a8a6fd991cc52d7f5d87e975a9acde0f481d03628e0c8,yes,yes,True,True,,546,clean_holdout_natural,correlation,cladder:10691
no,True,no,False,True,04434c87ab6489649275eefd215d9d090b7266cc867230abc81ccf94a235c457,no,no,True,True,,547,clean_holdout_natural,ett,cladder:5260
no,True,no,False,True,b25676cd14483a03d856bafa46e1d6f63bc822e37798d83d2391bb359dd8af4b,no,no,True,True,,548,clean_holdout_natural,ate,cladder:8756
no,True,no,False,True,ba5b6802bca9deacfe5429ac44f73cd8bf6256b6d30f7c1890260a1f04b2cddf,no,no,True,True,,549,clean_holdout_natural,ate,cladder:19368
yes,True,yes,False,True,b0ecf669e40ed40ef34434c67a0712572f8411fc86f24060fd4f7baaa08c3b15,yes,yes,True,True,,550,clean_holdout_natural,ett,cladder:421
yes,True,yes,False,True,f1276d05de57748845092dced9c0f124cf656cb1707abeef7f9ab00cae8ad509,yes,yes,True,True,,551,clean_holdout_natural,det-counterfactual,cladder:10240
yes,True,yes,False,True,f99388e121d1d3e70493b0b94e561346446ee451d4d36c49362f2fb21c5be399,yes,yes,True,True,,552,clean_holdout_natural,ate,cladder:28709
no,True,no,False,True,83c6390ebc5792ae588250c6f4f3cd95d812bce8eb0e9fbee8a0f91f6e7467ba,no,no,True,True,,553,clean_holdout_natural,ate,cladder:28708
no,True,no,False,True,5dc0565c6d3d4c82a0da67c63d7c62e8556fb4d37e7521ca5f1f5ebecedc6d1a,no,no,True,True,,554,clean_holdout_natural,correlation,cladder:3602
yes,True,yes,False,True,8425fee63d879f1d15153775e52df0bdde5cb77086e14165e5a504fc1ba3f375,yes,yes,True,True,,555,clean_holdout_natural,ett,cladder:29151
yes,True,yes,False,True,dbde2c9461c44061689ab0fe0e7a1ad1e64d238f74e337430421204af5f09867,yes,yes,True,True,,556,clean_holdout_natural,det-counterfactual,cladder:9844
no,True,no,False,True,dc311c48d9ac33c9612aecdeed05a6c3ceac73c42795f0e70e195b86361ab25c,no,no,True,True,,557,clean_holdout_natural,ett,cladder:7313
no,True,no,False,True,512f6b9199f84b33c10e17b31afaa2c32fa3d670ccea8dc2d1b7ec6ecb8db973,no,no,True,True,,558,clean_holdout_natural,ate,cladder:5214
no,True,no,False,True,ff9120f84a9949df009d34d4da3714cb8b49f62ec1b8dfa1b53db2ec8fa406e4,no,no,True,True,,559,clean_holdout_natural,marginal,cladder:27498
yes,True,yes,False,True,11ed773cec5034c4f0621c66f3ec6347a76cc264fd372f88ef12a68ddb3cd2d6,yes,yes,True,True,,560,clean_holdout_natural,det-counterfactual,cladder:29925
yes,True,yes,False,True,0fc52f233660ff663b5c6e6633fc8422066a3c92013675827f6e5930c59e9a4c,yes,yes,True,True,,561,clean_holdout_natural,marginal,cladder:28873
yes,True,yes,False,True,bf8429faa36a524eedb785845278f5ba32162ef0ddf7b312e2f4a1d6d62a79c7,yes,yes,True,True,,562,clean_holdout_natural,correlation,cladder:13727
no,False,no,False,False,ed5bc28fa1cdc6d1b636d9bb1368e35bed7ca27864f9baef8331abe1aed94910,yes,yes,True,True,,563,clean_holdout_natural,collider_bias,cladder:16729
yes,True,yes,False,True,9425be6a20f80019a4c9bc26bab85db0babc9a4026c6215cc005ef9a2b817c05,yes,yes,True,True,,564,clean_holdout_natural,correlation,cladder:26119
no,True,no,False,True,d98f17f5f9829f06fee247c44fa41112216538b03ffae4b487716ea07aa0c96a,no,no,True,True,,565,clean_holdout_natural,det-counterfactual,cladder:20261
yes,True,yes,False,True,eaee7d0fb570234aa9efdbf071e92c84a2b00f9158ba53d4c06f5435be1280eb,yes,yes,True,True,,566,clean_holdout_natural,marginal,cladder:11165
no,True,no,False,True,0a064b27324393d4a438e99ed66c01c1ec8dfbfb34e8efd69c46c925db598a3f,no,no,True,True,,567,clean_holdout_natural,det-counterfactual,cladder:10381
yes,True,yes,False,True,0b7e15a78ab02a2782a661102cfc941f8622edc27d9a0d28752902fd25e7fe2a,yes,yes,True,True,,568,clean_holdout_natural,ate,cladder:13704
yes,True,yes,False,True,c692a72412dfb76a3742a4816f6ce59afda4813f4d833fd4cd001068dd5b9d82,yes,yes,True,True,,569,clean_holdout_natural,det-counterfactual,cladder:29696
no,True,no,False,True,4b5a58c9bcf450819b7aa11ab9b5187be15d428d936d41be876f2c677cf2729e,no,no,True,True,,570,clean_holdout_natural,ett,cladder:162
no,True,no,False,True,474dd53dc7ccd3fd1da9533c9db550b46d9ec45570c6f96626a9671ba638fc22,no,no,True,True,,571,clean_holdout_natural,marginal,cladder:13288
yes,True,yes,False,True,c6d526d517c3b43ff21f4e84956a5efdb64fd605351cd657b7e0ecf5b684f800,yes,yes,True,True,,572,clean_holdout_natural,marginal,cladder:22120
yes,True,yes,False,True,adb7a3da822357eed9beb6816a2f5e5143504a0927ebb47af50a290c1c689396,yes,yes,True,True,,573,clean_holdout_natural,ate,cladder:23052
yes,True,yes,False,True,39febc3cc19ef99e0904860f60df0c521cfa9bfea08d191d12725e9d4c64dec1,yes,yes,True,True,,574,clean_holdout_natural,ate,cladder:2526
no,True,no,False,True,6144f106042b16b10f2588d496f3708d3c7de84523b73b2926a6a4f94bb94a18,no,no,True,True,,575,clean_holdout_natural,ate,cladder:7
yes,True,yes,False,True,1477fc1206676bf4f36484c60963b6262a594453a2d07a1f4a9fbb3e0f89fb6a,yes,yes,True,True,,576,clean_holdout_natural,marginal,cladder:26706
yes,True,yes,False,True,04a470ecf82274293d593d24da896fe10e7ccc724b885847a51aeed91cd15bba,yes,yes,True,True,,577,clean_holdout_natural,ett,cladder:7204
no,True,no,False,True,599469574ee821d626549f29b1a8b56eba41e96c05e021a94f450802d17745bd,no,no,True,True,,578,clean_holdout_natural,correlation,cladder:18818
no,True,no,False,True,1e82970b7b65a48d51c4ca48eea73acfec93eaac64f2fd677ba0a388d740494f,no,no,True,True,,579,clean_holdout_natural,ate,cladder:17642
yes,True,yes,False,True,58a8c2a4f7aa6c927d48215144c027c39c8fa2fd5acd9760b3af875190cf628a,yes,yes,True,True,,580,clean_holdout_natural,ate,cladder:19597
yes,True,yes,False,True,2da488ab2def0e362a586c7bea87a748929e59b77ae771a2fae9127aacf5f7e1,yes,yes,True,True,,581,clean_holdout_natural,ate,cladder:19325
yes,False,yes,False,False,eb3b991ba4837b0fd62b5b5fb6900719af09365d2b475ec7e6e2d6978bf558d5,no,no,True,True,,582,clean_holdout_natural,ett,cladder:313
no,True,no,False,True,fefbd1df69af2af5c74af188512ebd77561dc6c44642fe0e8a3cc318d19bb5c9,no,no,True,True,,583,clean_holdout_natural,marginal,cladder:18616
no,True,no,False,True,0d2037f57c7068fe496f8d963524352c3beb1acb0745b117c3b469d34951ee09,no,no,True,True,,584,clean_holdout_natural,ate,cladder:26891
yes,True,yes,False,True,d1e02cfe1e4fe802bfcb69cb561f24ea8e51098cf7e3d953f4ce938e33437090,yes,yes,True,True,,585,clean_holdout_natural,marginal,cladder:240
yes,True,yes,False,True,c016ae6b5356aa17b35c9674983ccd8a8e37ad896c0f8b0a7537bb82c31f2040,yes,yes,True,True,,586,clean_holdout_natural,nie,cladder:14837
yes,False,yes,False,False,f64c014494d4dc3babee3a7b44ba6a8c196945f0f95525b237b713983eaf0c5c,no,yes,False,True,,587,clean_holdout_natural,backadj,cladder:10730
yes,True,yes,False,True,bbf8486d33d4afba0801d04483d068136a00b9742313be75800d64cbf53a238a,yes,yes,True,True,,588,clean_holdout_natural,ate,cladder:5195
yes,True,yes,False,True,c5b48cea34af7d101dbad744f29f6adc1b140d1fa0ce46cc35a23e4626fa3bab,yes,yes,True,True,,589,clean_holdout_natural,ett,cladder:8365
yes,True,yes,False,True,105c96a1e2e531e19b1de903b61ee6a91bb4e418f9b6dc7000c378ea3a134b0c,yes,yes,True,True,,590,clean_holdout_natural,ate,cladder:15128
yes,True,yes,False,True,9f502233be312c7c27d6837434f1a93005f7c78184dfbbefc57a688a85dcc20c,yes,yes,True,True,,591,clean_holdout_natural,correlation,cladder:10919
no,True,no,False,True,378e7b9e264ab7f9e3afbf602918eabeaef1c119822b3b91da0730657e17ca68,no,no,True,True,,592,clean_holdout_natural,collider_bias,cladder:13096
no,True,no,False,True,95f08088f71ed9f84e99a34e531b3bb12b36cd9e1a523e47db5e761dc135df30,no,no,True,True,,593,clean_holdout_natural,nie,cladder:5430
yes,True,yes,False,True,bb338ea6fc1cd8c10006b8860db477f9ea1e9f4bc24abae5373a577dac6ecd58,yes,yes,True,True,,594,clean_holdout_natural,ate,cladder:27247
no,True,no,False,True,07b18cecc9ac8b34b04ceade9d58a11915f82df7d6314abe92c93d80d7a65a0d,no,no,True,True,,595,clean_holdout_natural,ett,cladder:24266
no,True,no,False,True,9a4474cec84a3807f54291dfbc2ef5d51bf2b9b84b549715666f14c2cfe26e2f,no,no,True,True,,596,clean_holdout_natural,marginal,cladder:701
yes,True,yes,False,True,2e2b3b5d16d3ff18658c852d287f4230456cfe437527e14a54fa5cf1693a74b0,yes,yes,True,True,,597,clean_holdout_natural,ate,cladder:550
yes,True,yes,False,True,29e58b927f10a7e72da479d2994676000f26fce705247704e03cc929fc4c0626,yes,yes,True,True,,598,clean_holdout_natural,marginal,cladder:17735
no,True,no,False,True,c04f3f9e93f3a28039254a41a6ec7278bfcfe738624b0c6bd04eb47bb20ab4ee,no,no,True,True,,599,clean_holdout_natural,det-counterfactual,cladder:20391
yes,True,yes,False,True,70df0afc279d90dbcadc2a88f589c4b0d4168c756bb22568cda771ec82a7bfd8,yes,yes,True,True,,600,clean_holdout_natural,ett,cladder:18150
no,True,no,False,True,db945a2fc0a30a9c318c318626dd46871c00d910d79b25b06f11884aecc6ddb0,no,no,True,True,,601,clean_holdout_natural,ett,cladder:5139
yes,True,yes,False,True,1436235b744b442f5391589b05be714d7d5e9331f604b2fe927e375a3ed060ee,yes,yes,True,True,,602,clean_holdout_natural,ett,cladder:25966
no,True,no,False,True,a997b32a345682c49901c289b09be62485da995b7bbc8df4cce3a645d4ee5430,no,no,True,True,,603,clean_holdout_natural,marginal,cladder:1547
no,True,no,False,True,537fcf36462fb7a668417dc1ff394848480b3a501c46d5543fe5055eee9148e3,no,no,True,True,,604,clean_holdout_natural,marginal,cladder:21324
no,True,no,False,True,a8d53d67d3c3f466658755b38ce40af3679337bb8f94c371f1d13a71abbc4860,no,no,True,True,,605,clean_holdout_natural,correlation,cladder:5468
yes,True,yes,False,True,2427a4cf26b0abb902185d89b236d10f585e239eb3be7cb30b69dce2507e9c66,yes,yes,True,True,,606,clean_holdout_natural,correlation,cladder:28730
no,True,no,False,True,61445481af7839aca1058b52438050c2b01a7e08c1c36b6de0c77cddc088170e,no,no,True,True,,607,clean_holdout_natural,nie,cladder:4491
no,True,no,False,True,328b3ed6dcadde677f5490139abe7f62016425e559ee53584d37ad3c87460354,no,no,True,True,,608,clean_holdout_natural,nie,cladder:10460
no,False,no,False,False,1fa9f31a1dd2157795dafe25a935f092f2496022d541481b539bfb8ca31e46e9,yes,no,False,True,,609,clean_holdout_natural,ett,cladder:20981
no,True,no,False,True,13b16cabfa43ce644de18d41ac57c45ac7f96d218b939b82a8fd3dad857d0742,no,no,True,True,,610,clean_holdout_natural,correlation,cladder:18060
no,True,no,False,True,60eff9c7fe044339365b9be4a4a861073de017dc8f2e3c12cab11c4d466aa418,no,no,True,True,,611,clean_holdout_natural,exp_away,cladder:6342
no,True,no,False,True,d8110e9319e595125c2cc0c0e76829571e63fb3aee1c3a6fb02bbd15afb837f2,no,no,True,True,,612,clean_holdout_natural,correlation,cladder:21841
yes,True,yes,False,True,ba2405591de84f8f0c007c8f7519c41a7cfd1278bceff84620acc51e345b2755,yes,yes,True,True,,613,clean_holdout_natural,marginal,cladder:15013
no,True,no,False,True,8bb543082741ce09c836100809db432fe67697591fb5dd7782f3a45e8a3810b3,no,no,True,True,,614,clean_holdout_natural,det-counterfactual,cladder:20636
yes,True,yes,False,True,09c2851e0e76479c97f6b8499e4120d75b35353d1b6aa93a326f8e614c385511,yes,yes,True,True,,615,clean_holdout_natural,nie,cladder:1428
no,True,no,False,True,de0db2db81f543e0d0f90f7221b69a3bc361bdd880e60337cef6e4c1946c79d7,no,no,True,True,,616,clean_holdout_natural,ett,cladder:15323
yes,True,yes,False,True,5c40406e85146fe8fe35289e94f0fa4887f4b837705562ebcd773074cfdcce4d,yes,yes,True,True,,617,clean_holdout_natural,correlation,cladder:25126
no,True,no,False,True,5ac4d4ed5e11c494e29483456a285f2827a9d8a799bcc69cae0d35c2e993426b,no,no,True,True,,618,clean_holdout_natural,correlation,cladder:27484
yes,True,yes,False,True,70a160f166f3b5122efa19378b6b8e72555288557512b2fa593242e239f4b5a9,yes,yes,True,True,,619,clean_holdout_natural,nde,cladder:16541
no,True,no,False,True,3262e49359a5bd741372146edae829875b35afa0c40f7640dd5d2d803a08edff,no,no,True,True,,620,clean_holdout_natural,ate,cladder:27329
yes,True,yes,False,True,ff9c0511c29549f65ac6361072d148ab556bd53e2cf06543b123c37b34aad3af,yes,yes,True,True,,621,clean_holdout_natural,marginal,cladder:22756
no,True,no,False,True,30415ec20aeef311f9d4d36ba04154f8885fa7d548e95170672c2fad724e3cf0,no,no,True,True,,622,clean_holdout_natural,ate,cladder:5246
no,True,no,False,True,9114e0247603a349b3aba6fde652631ece3282ca9d962c082fa3409d899460ab,no,no,True,True,,623,clean_holdout_natural,marginal,cladder:14280
yes,True,yes,False,True,3359a9ae0e1c9bf887bd92ffef75adb6fedf0ca5ba9e338b17fee3b9e8f68b3a,yes,yes,True,True,,624,clean_holdout_natural,marginal,cladder:22642
no,True,no,False,True,d9fb40cbb7abdb29808199f1f31091a85da9daea662db3f7616e97920cd91587,no,no,True,True,,625,clean_holdout_natural,ett,cladder:1789
yes,True,yes,False,True,9e95dda4f9cd655603f64108103ddfc5590130d1a20de91eef354b0e47036b64,yes,yes,True,True,,626,clean_holdout_natural,ate,cladder:21787
yes,True,yes,False,True,6905ac993c9852fb2441c7a124a718d41c563a8fa5b1834b8ca2f4b2e0b9ba95,yes,yes,True,True,,627,clean_holdout_natural,ett,cladder:27730
no,True,no,False,True,734b1d22612637b8f06b3934c01f684be2c84e755bce1b2f5938a460bfb33611,no,no,True,True,,628,clean_holdout_natural,marginal,cladder:17868
yes,True,yes,False,True,0b0beab0a4e90a23b1051b4c59b4b45065c5f7d49bc6cc70c30dbc93eebf4d42,yes,yes,True,True,,629,clean_holdout_natural,ate,cladder:15430
no,True,no,False,True,68f033d859070bba131e1927570fc695a86fc3db5abd10677601b4ab79c88435,no,no,True,True,,630,clean_holdout_natural,ate,cladder:12862
yes,True,yes,False,True,62efd53ed34df8d6a7160a939ec5e9f1967016d669828e295281fd094f448cd2,yes,yes,True,True,,631,clean_holdout_natural,det-counterfactual,cladder:9719
no,True,no,False,True,0e371e1243e07be6023b05149b1a6726516c47e44d8ee500afe7d25fb89ec42e,no,no,True,True,,632,clean_holdout_natural,correlation,cladder:7418
no,True,no,False,True,a93fdaa8cf31dfa7981a9767d36968a5fd393d8a798117ef8c5356bc27423316,no,yes,False,True,,633,clean_holdout_natural,ate,cladder:28447
yes,True,yes,False,True,94cd1935b557870ed8563005f5f9dcd63f728661f00220aa4bdeb7408acc4d2f,yes,yes,True,True,,634,clean_holdout_natural,det-counterfactual,cladder:29689
no,True,no,False,True,dd0fbdec4dc8d865f97f1a6c8fef8e7d6e96a6d49de767032a46047e22d55325,no,no,True,True,,635,clean_holdout_natural,ate,cladder:29090
yes,True,yes,False,True,279fcc74554c00f11f9ab22a0e78a6e399bbb9abe4968a9175371d40ad1d4d11,yes,yes,True,True,,636,clean_holdout_natural,correlation,cladder:5377
yes,True,yes,False,True,579dc7ce2b96c2cbaa78c49f5b41b6d8f81e541e609b03c4e00a5f1e5678cce7,yes,yes,True,True,,637,clean_holdout_natural,marginal,cladder:15634
yes,True,yes,False,True,82567f38556b208065cebfda03f74d5a03b8c07fd7ea0ca3fc264d2d8dd044b8,yes,yes,True,True,,638,clean_holdout_natural,correlation,cladder:13543
no,True,no,False,True,df17638ec15bcc8a47f62f4c7151329e5fe6c20cd033cc2a0c3f4a5528ebf16b,no,no,True,True,,639,clean_holdout_natural,ate,cladder:23411
yes,True,yes,False,True,3a8fd47d29552884cc56f77a2b77bf24873f649f3941de9f1b78c990a7c65d13,yes,yes,True,True,,640,clean_holdout_natural,correlation,cladder:15293
no,True,no,False,True,dc1f0ddc506cd29a3ba5f0a8384c00a403b1179826118969390eefa040010eb6,no,no,True,True,,641,clean_holdout_natural,nde,cladder:27610
yes,True,yes,False,True,75b152243bf7f40a6cce4e8988b923875eeb9e3e485fa07bad43132df1388cf3,yes,yes,True,True,,642,clean_holdout_natural,nie,cladder:23276
yes,True,yes,False,True,0b37cfae522625c807360d33c5d0365100ee135d884831013651a1f33de34d56,yes,yes,True,True,,643,clean_holdout_natural,correlation,cladder:8625
yes,True,yes,False,True,c952d1d76e5182c819b2f5574ff59cab0db4d750379deac693b42eb7eded2044,yes,yes,True,True,,644,clean_holdout_natural,marginal,cladder:24636
no,True,no,False,True,bfd30d2e9ad9802369ed21ad71d7d75eeb5b57d33aa2d6613740f2393a5842a9,no,no,True,True,,645,clean_holdout_natural,correlation,cladder:10729
no,True,no,False,True,7447d715763c64b05d3a3a7dd626ae08e904ef5dd79b612bf694a3a206a95412,no,no,True,True,,646,clean_holdout_natural,ate,cladder:23447
no,True,no,False,True,d5595d497893aed2292224cd440cdd786e0f9fb855c40be88675b617bacc0248,no,no,True,True,,647,clean_holdout_natural,marginal,cladder:5222
no,True,no,False,True,77eb3fe6e3ebb6b4fff7fbb81b36c78ea7a3665f428c19fb4fd3c081b90b684c,no,no,True,True,,648,clean_holdout_natural,ate,cladder:24201
yes,True,yes,False,True,08443386d653b837c446ea0931ec8956ff0e30ecdb453278cd77a9f4f72502c9,yes,yes,True,True,,649,clean_holdout_natural,nie,cladder:13224
no,True,no,False,True,5e0366caa4a2d80f3daa01fc516c9a7edc753e0b47341b13494bcbb47305ffcf,no,no,True,True,,650,clean_holdout_natural,exp_away,cladder:13116
no,True,no,False,True,cb50bf456c3c143d58cb5dcff9a657cace96f2fe3a2e7311497b754e0201d465,no,no,True,True,,651,clean_holdout_natural,marginal,cladder:11759
no,True,no,False,True,6fd5bf52683c46b5f65a04ddc694d8ac1609c52a7b384a06f3f52a66568307b0,no,no,True,True,,652,clean_holdout_natural,ate,cladder:23344
yes,True,yes,False,True,49be36ce49ce2ea8af8780be7013320be9e61590ff9fdffdf9d2e710297587a3,yes,yes,True,True,,653,clean_holdout_natural,marginal,cladder:22431
yes,True,yes,False,True,9896f1c3ba128a88bd733f17d0d8438e9937c592a7a44a9454cfcabbee16d739,yes,yes,True,True,,654,clean_holdout_natural,ate,cladder:26413
no,True,no,False,True,c2259144f515ca237c95361ec8a83eba325198fb366d431002394348378037fe,no,no,True,True,,655,clean_holdout_natural,nie,cladder:6984
yes,True,yes,False,True,b1880ce46d7e97aada93fa17313237ea22bff2e577895f90c8d9452057f31962,yes,yes,True,True,,656,clean_holdout_natural,ett,cladder:23817
no,True,no,False,True,eea52085c16f5ced8809a438fef70b47329ffe379b55e0b8838e0a46b83f7bf3,no,no,True,True,,657,clean_holdout_natural,marginal,cladder:4290
yes,True,yes,False,True,845e565847701d16461ab5b2f166369b8ea5cfa6f830db0f2b04f7a436057b1a,yes,yes,True,True,,658,clean_holdout_natural,correlation,cladder:3926
no,True,no,False,True,90f0ca4e553e47985118c59debb39e8dedabdc0a75ed631162c323b190d779ac,no,yes,False,True,,659,clean_holdout_natural,ate,cladder:8923
no,True,no,False,True,c807f3080cbdc6f3dc76d1f36892f84478c74f309007a531d495a122a10fb463,no,no,True,True,,660,clean_holdout_natural,ett,cladder:4810
no,True,no,False,True,979819bfddd33deb2dee9feafee00a548fb3578b4a5da51f646c6db26145d075,no,no,True,True,,661,clean_holdout_natural,det-counterfactual,cladder:20451
yes,True,yes,False,True,b00012549f81d9735f382d84735a0100ab36f778c4073b1d7deab97ae84bedbc,yes,yes,True,True,,662,clean_holdout_natural,nde,cladder:18325
no,True,no,False,True,3b334f7e23e52cb6382a9afa46f33e02808bc642de83e1c20fda537a61473c21,no,no,True,True,,663,clean_holdout_natural,marginal,cladder:27120
yes,True,yes,False,True,44470eb71346cb7f53d7d8a53bd71cd48cb68d43c97907604cee5978ce193067,yes,yes,True,True,,664,clean_holdout_natural,marginal,cladder:20977
yes,True,yes,False,True,44b0444519edc139eeb35373f6fb67bd2cd68a684c8e9ab226b107a18230ed46,yes,yes,True,True,,665,clean_holdout_natural,ett,cladder:22250
yes,True,yes,False,True,43cb1723554a67fe6fb70ad2a7e6c1b49d7c2f3685a21a48456d819012464870,yes,yes,True,True,,666,clean_holdout_natural,nde,cladder:13494
no,True,no,False,True,0adf35f0ddc99b4539f05f2393c489c4ebc04cdffbaf75d49b8716db0721a45a,no,no,True,True,,667,clean_holdout_natural,correlation,cladder:23407
yes,True,yes,False,True,f6db86dd5b6830bb2f27259fe7051361fcf03cb64a2bde659fbec93eef7b7927,yes,yes,True,True,,668,clean_holdout_natural,correlation,cladder:17471
yes,True,yes,False,True,b31c6459d88ccc44427935cdffcee7329920d12a0b40ae372c9a5ba834b864b6,yes,yes,True,True,,669,clean_holdout_natural,correlation,cladder:24261
no,True,no,False,True,484a257050ead627c8c1158547ccb02c264b634cfa8c301aebd328e531831fc9,no,no,True,True,,670,clean_holdout_natural,nie,cladder:6529
no,True,no,False,True,a2dfb11f2db00d36974150f5f30f9676acf901ac5f3a85552d7e3ef2dc211d05,no,no,True,True,,671,clean_holdout_natural,ate,cladder:12411
yes,True,yes,False,True,b839cde1bd51b1f0ed4968a8df7f7ce1bdd2d8d2f701e93efed86213642b26a9,yes,yes,True,True,,672,clean_holdout_natural,marginal,cladder:19900
yes,True,yes,False,True,a3f346c8ed734a584969313b174900ae77641365cd75c91fe0146d7181bc734b,yes,yes,True,True,,673,clean_holdout_natural,correlation,cladder:19761
yes,True,yes,False,True,188f17a772dadd22cf6d19a9e6991e8844d8c08a9aca6f9e18435049b2d1acd9,yes,yes,True,True,,674,clean_holdout_natural,exp_away,cladder:13164
yes,True,yes,False,True,96fb8edd8a08a848953bc17a2d7fe984bb24c22fc2a2baab9dd82938d1cbcb92,yes,yes,True,True,,675,clean_holdout_natural,correlation,cladder:25547
no,True,no,False,True,05c33f483054e106c96e3f6eaa752ee7ca06877d538c11c44df996c6fce55008,no,no,True,True,,676,clean_holdout_natural,marginal,cladder:8478
yes,True,yes,False,True,e8d1ff59fb2600ca6700545db31bc4d822e12cede7b68f7175ef70d9523447e3,yes,yes,True,True,,677,clean_holdout_natural,det-counterfactual,cladder:10284
yes,True,yes,False,True,d5cb5e5c50884cdf4ed81fc569fc7a90a03f415512ba62307a1450e5f7e8e054,yes,yes,True,True,,678,clean_holdout_natural,marginal,cladder:2674
yes,True,yes,False,True,34e532128fbbbbb4d5a24e0dc1272f9684d10fea0bb0225e2f9e061f2816bb2e,yes,yes,True,True,,679,clean_holdout_natural,correlation,cladder:25360
no,False,no,False,False,e60a80dfc9b242f388210b00e315c7606366e614d7202fc72cd1fd9a3c9c3814,yes,yes,True,True,,680,clean_holdout_natural,exp_away,cladder:24386
no,True,no,False,True,dc692d1573c2f0042d8d6a5e6c04e1bb34ffa43b3932f24ef3549785d201b048,no,no,True,True,,681,clean_holdout_natural,marginal,cladder:18004
no,True,no,False,True,7ca41137ed22460edb89cdbf3cbe6c112646405196daaafb917a94e540c6132b,no,no,True,True,,682,clean_holdout_natural,ate,cladder:17783
yes,True,yes,False,True,23781b2973d7f1eb65262f01e5bbe2c789b72b262650269f903f0e8fa09c5532,yes,yes,True,True,,683,clean_holdout_natural,ett,cladder:12074
yes,True,yes,False,True,54af415859e0155c5636ccad924384662d16c57c42de9b54b177573c297e3abe,yes,yes,True,True,,684,clean_holdout_natural,nie,cladder:23808
no,True,no,False,True,e56b45bbfd4f0f52cc4cd6d416195e77682ae97d5a35361d68338df01f8e5211,no,no,True,True,,685,clean_holdout_natural,ett,cladder:7090
yes,True,yes,False,True,1975406ede767b13c94d5959bc38f1046e76c59968494f51e095d3182bf8b002,yes,yes,True,True,,686,clean_holdout_natural,marginal,cladder:2270
no,True,no,False,True,3b62e8164c79b1d58032732cee2e010b8f2171fb1be386454385bf14f4f90a95,no,no,True,True,,687,clean_holdout_natural,ate,cladder:28091
no,True,no,False,True,9feeced23c0fd4ad102fe2f2d4e8f006e8c2efa58c2e2572b83baffd720c8a42,no,no,True,True,,688,clean_holdout_natural,collider_bias,cladder:6684
yes,True,yes,False,True,580d204f5bf7e965dfcdd367340b07a93fe20396b18dd8c1ecfd4211d67480fe,yes,yes,True,True,,689,clean_holdout_natural,marginal,cladder:7039
no,True,no,False,True,be99bbda41d7bdd569c49975e96da9282339b1c050cc7589dd244b0d311aad04,no,no,True,True,,690,clean_holdout_natural,ate,cladder:13854
no,True,no,False,True,137b7a85bc4858b9c5432c9c9268829c5d965d7649973ea58347a5ffeab1aa94,no,no,True,True,,691,clean_holdout_natural,det-counterfactual,cladder:29834
no,True,no,False,True,8bd043ed807168298bb7ec12f83da04828e989a2d56a7cd8a5b4489aaa891e27,no,no,True,True,,692,clean_holdout_natural,correlation,cladder:7202
yes,True,yes,False,True,b6b00191afc692252015ed979f204e3d2901623792287284105a904b44f3a9af,yes,yes,True,True,,693,clean_holdout_natural,marginal,cladder:4145
no,True,no,False,True,7e8fabc50d74c638212b8013a31b73d50e59ef6fb2380f995eae41e3db4ad09e,no,no,True,True,,694,clean_holdout_natural,ett,cladder:14908
yes,True,yes,False,True,5bfcce2c4b36ed53ecb749fe9731411ab97039f8dce66eed0e646fb8bc6d4977,yes,yes,True,True,,695,clean_holdout_natural,ate,cladder:26575
yes,True,yes,False,True,6ac9e4536b32f8c0cbdaab86eb82aa5a55b11f70945cd4e989b7b3e08098f2f2,yes,yes,True,True,,696,clean_holdout_natural,det-counterfactual,cladder:20013
yes,True,yes,False,True,2d9dcbd6f871c90fae08f016259264897246629071b75dcd40f25064ee8d2f0d,yes,yes,True,True,,697,clean_holdout_natural,correlation,cladder:19710
no,True,no,False,True,76a5db824bbe2c7fda7945435d0a2bd9ad4cfe812775dd935ca53b8fa0fbb110,no,no,True,True,,698,clean_holdout_natural,ate,cladder:14282
yes,True,yes,False,True,257a66e15214be4f9a1c03a9c9f8509d57dfdf11fc23770e335dacca7815563f,yes,yes,True,True,,699,clean_holdout_natural,det-counterfactual,cladder:10317
yes,True,yes,False,True,1f52d8b05d28356517bbf7af04e47dbf4f35b7bb99b4edc9a883d0de8c3294b3,yes,yes,True,True,,700,clean_holdout_natural,marginal,cladder:8865
yes,True,yes,False,True,88d859523a652d430ed80d0d01fc90c7b3bcb418467e16de4180b350ccf73ec9,yes,yes,True,True,,701,clean_holdout_natural,marginal,cladder:5321
yes,True,yes,False,True,36967a4a73e2149cf9a43bbe6b28139733a582dd89c8fefb22bfa516ebfc3b21,yes,yes,True,True,,702,clean_holdout_natural,det-counterfactual,cladder:20086
no,True,no,False,True,b9b46cc25820103aa4ffe20a80da31edbcf9a21f1808438e1cd983449b19541b,no,no,True,True,,703,clean_holdout_natural,nie,cladder:22919
no,True,no,False,True,8a74de60e3f67f42a1eb2c128bda9ae940c325b175b42fc2f69c53c16dac1a23,no,no,True,True,,704,clean_holdout_natural,ate,cladder:28831
yes,True,yes,False,True,282e640d01c7e925b0b1c539d7f41b172b7694964494e90128f1ead358f1a867,yes,yes,True,True,,705,clean_holdout_natural,exp_away,cladder:7446
no,True,no,False,True,01f77f5d595edc70b4a5340d2c097dfa0d95ddfca6f8d23f3e124be68678d49d,no,no,True,True,,706,clean_holdout_natural,collider_bias,cladder:16725
yes,True,yes,False,True,99626641f441b1ef1012038e3c19d16e9cbbee9e23b250e4f6f838ea959dab21,yes,no,False,True,,707,clean_holdout_natural,det-counterfactual,cladder:29704
no,True,no,False,True,d34f0483ee56639090fc08ac3c72c2c2c934a3c14782a5ad1b9775961bff73b0,no,no,True,True,,708,clean_holdout_natural,ate,cladder:7387
no,True,no,False,True,d790fd6e53d7b4052b671ffd979e5fffa04aef0d73f8ba5d568918cba8c9a9cc,no,no,True,True,,709,clean_holdout_natural,marginal,cladder:869
yes,True,yes,False,True,eeddb307adb151a69fcce932b665aa3d6e3fa3b6717db7bd0677c4f588bbe623,yes,yes,True,True,,710,clean_holdout_natural,marginal,cladder:19184
yes,True,yes,False,True,ad21287dd0cd2397cf9dbec92ff52f4386672fe020023329d4d70861fe117287,yes,yes,True,True,,711,clean_holdout_natural,ett,cladder:13773
yes,True,yes,False,True,b4f6ffef3fd0e0d9a1396c6216c41a98e39163ffc23691e81bce6103e1bf705e,yes,yes,True,True,,712,clean_holdout_natural,marginal,cladder:11145
yes,True,yes,False,True,5a2ffdc2e52dcc3f9813e366596784cd5df21d25169871c06f091852645b21be,yes,yes,True,True,,713,clean_holdout_natural,marginal,cladder:17628
no,True,no,False,True,30829c6078cc3e1f018137b293fdc4380c0eb598b1046a49feba3551af14de86,no,no,True,True,,714,clean_holdout_natural,ate,cladder:21486
no,True,no,False,True,3d814a7f5e21a84662c6a9f389cb478d3486f432303bd382e40db293fec4807c,no,no,True,True,,715,clean_holdout_natural,ate,cladder:23479
yes,True,yes,False,True,c4d0371cc9c16b55b79dd78dc79e2c96c49430c702ad34f71fba0b0af59c6cfa,yes,yes,True,True,,716,clean_holdout_natural,ett,cladder:24219
no,True,no,False,True,a79dc6732ca897c344a5db08d9a7468be057c0716f9975dded30b717faa70cbc,no,no,True,True,,717,clean_holdout_natural,correlation,cladder:11683
yes,True,yes,False,True,5827040e582eeb4109578bb962bfc870d2b1fd7a9b3a532662040d51165c1eb7,yes,yes,True,True,,718,clean_holdout_natural,nie,cladder:2488
yes,True,yes,False,True,2e959ccdb19a0cdd0169cdf6cebfa53a5a8ed81c02d288dd605657d870bdea13,yes,yes,True,True,,719,clean_holdout_natural,ett,cladder:12153
yes,False,yes,False,False,90282f0562f4e965ff97e7c8ec3e773d426aa269db3aa6f3aa3907c13d7610f2,no,no,True,True,,720,clean_holdout_natural,det-counterfactual,cladder:20640
no,True,no,False,True,56ce258818c692a98c60d01185e97a63776d8247a0283b65382469d6d893a8d1,no,no,True,True,,721,clean_holdout_natural,nie,cladder:26309
yes,True,yes,False,True,d759d328ac3aa398935d1fd6329981fc646a235c6739253e87299b9b7270a4d1,yes,yes,True,True,,722,clean_holdout_natural,ett,cladder:5450
no,True,no,False,True,ea07d6597bd9a0060cad447b7abe1d62142a77931ffd2ff1385b976d73f47a08,no,no,True,True,,723,clean_holdout_natural,correlation,cladder:29338
no,True,no,False,True,834db68d9e23a53f9b02f5d8ca5424c60253b5b18bf0f854ea8119028a4d5adb,no,no,True,True,,724,clean_holdout_natural,marginal,cladder:16435
yes,True,yes,False,True,0af6eedad5a2b51004d735a869fd5f6539a28c6edae99b4d6709fc4efc0ee802,yes,yes,True,True,,725,clean_holdout_natural,marginal,cladder:4615
no,True,no,False,True,cb7cd87036cc4dc435cc96a83d3a2865b4d0ba0d3217dfc2df29465872323eed,no,no,True,True,,726,clean_holdout_natural,ett,cladder:29152
yes,True,yes,False,True,bc7c9c7fca22f4a6a7275b5086c205d73299c8b7750385ce046b2c07724c16d3,yes,yes,True,True,,727,clean_holdout_natural,marginal,cladder:1057
yes,True,yes,False,True,64e57b31e921ad20410280a06d27e28cc4b4e30e484331f47137f10dfcde8233,yes,yes,True,True,,728,clean_holdout_natural,correlation,cladder:14032
no,True,no,False,True,069acfb46092cdeec5ee9f9adc47ce40d05c4316a57fe29d282794916a27e65b,no,no,True,True,,729,clean_holdout_natural,ate,cladder:26370
yes,True,yes,False,True,235f173b2f8c939f1f668a787e06c9ecb1fcaeba4e83f6f8febe7df1904933d6,yes,yes,True,True,,730,clean_holdout_natural,ett,cladder:25797
yes,True,yes,False,True,ee5c5ebdb271d6ef18004dc2518a0387affa50cabe3fbec5ade1cdf1341f317d,yes,yes,True,True,,731,clean_holdout_natural,nie,cladder:18235
yes,True,yes,False,True,2586505ac90f3e456b80b0f709ff3efb73f59bafee06add453ba4e7ebdd6a45a,yes,yes,True,True,,732,clean_holdout_natural,correlation,cladder:10744
no,True,no,False,True,53e913c1e1d27669de3023c139b0ee5ce985bbd9c9e39ff52364e3f5067fb254,no,no,True,True,,733,clean_holdout_natural,nie,cladder:14653
no,True,no,False,True,f3954b006e098a76f39c70f7646129670dce312722bf7492009c274a9b942777,no,no,True,True,,734,clean_holdout_natural,correlation,cladder:26383
yes,True,yes,False,True,f6288bfd1e344f9dec3e92d3185762ddc658ef437690aa460d07d1335943025f,yes,yes,True,True,,735,clean_holdout_natural,nde,cladder:23616
no,True,no,False,True,051f68073b695124d3fed53eb3cdabfb43d46d8410d2c8f7c495a5201418a12d,no,no,True,True,,736,clean_holdout_natural,marginal,cladder:16633
yes,True,yes,False,True,6dae1db00c75cca0ee7d5af591b339de0354515ebd92ef82ca152a4a52502313,yes,yes,True,True,,737,clean_holdout_natural,marginal,cladder:368
no,True,no,False,True,a850d783b411442eff979d95f45269be110d4e214ef01e4a4c5f9155127cea3c,no,no,True,True,,738,clean_holdout_natural,nie,cladder:24489
no,True,no,False,True,a457dc8a74e1d85a6292c88345fc855b9a472497dc2029a496f7a941ae0e90ed,no,no,True,True,,739,clean_holdout_natural,ate,cladder:6067
no,True,no,False,True,8497f449ffe1da01446ffdf06ca3396b4cf715bf230ae381f2afea9a84b0451a,no,no,True,True,,740,clean_holdout_natural,nie,cladder:27665
no,True,no,False,True,89580dbe5fee1c24c171ba35943fd9d145e39b18ff3a5a664d74b80b2ec62e6b,no,no,True,True,,741,clean_holdout_natural,ett,cladder:10771
no,True,no,False,True,b27fc121c6037642905099cdd77678f0a99ad105e9982b301076a7fd5a3077ca,no,no,True,True,,742,clean_holdout_natural,ett,cladder:4344
yes,True,yes,False,True,3b14d50cefb02b136015cd2adb1e0920c9c6d72ad55309417c3e851495b450fc,yes,yes,True,True,,743,clean_holdout_natural,marginal,cladder:3793
no,True,no,False,True,eb0f8e35f8b09625a588e82a6b389217146cece2fb1def0de589bf1be5ed1e27,no,no,True,True,,744,clean_holdout_natural,ett,cladder:3206
yes,True,yes,False,True,972bbed0138d56016713ef94f7178cfaa5ab275698e732f71d155ce6dd9beb6c,yes,yes,True,True,,745,clean_holdout_natural,ate,cladder:11015
yes,True,yes,False,True,a35efa0f05cb7b2e792c06d2f058afba79aae50fc3b053d74fe35de441dd5b0c,yes,yes,True,True,,746,clean_holdout_natural,correlation,cladder:15551
no,True,no,False,True,8d46bc3f7f42dd055389097db42f22e37ea53c8559db738b4b450bbc900fdd4d,no,no,True,True,,747,clean_holdout_natural,exp_away,cladder:16743
yes,True,yes,False,True,1f172d8445d89d0a93d61ed10cc9cd275b8550c661113cc4b2ce42e36ca8a140,yes,yes,True,True,,748,clean_holdout_natural,marginal,cladder:7957
yes,True,yes,False,True,08bf7ecfc7ec2c11c4d49ee1b3cbe8777bb47c6bf162b4c55093d4fc136ee199,yes,yes,True,True,,749,clean_holdout_natural,correlation,cladder:3321
yes,True,yes,False,True,f2b4d9b735ecbc475054c1a7d496acb75b3db2bd4c40e3eba3bba5c2dfd8a262,yes,yes,True,True,,750,clean_holdout_natural,ate,cladder:11011
no,True,no,False,True,91cfbb6e09ea0245bd634b86709a35ba9a5f4c822b8638ec1b49abc2f96bf251,no,no,True,True,,751,clean_holdout_natural,ett,cladder:18388
yes,True,yes,False,True,9799fe6effb6c945cd436b0e2c1f2ace5aa9499c3d5b9000f24e988362f032a3,yes,yes,True,True,,752,clean_holdout_natural,det-counterfactual,cladder:20613
no,True,no,False,True,b6fc4462165bcecf32d2b1ff72f4dc06229aa1a04a437efffe88f8a21ac0e3da,no,no,True,True,,753,clean_holdout_natural,marginal,cladder:2222
no,True,no,False,True,85656c06990e9124b1dec099345d4ee5de6f4f98365a874361b03e3fa5767d27,no,no,True,True,,754,clean_holdout_natural,marginal,cladder:17891
no,True,no,False,True,322eb477d8215bf7d04ac986b68e12b00d1083d152824b69f47bc610a49cdecb,no,no,True,True,,755,clean_holdout_natural,backadj,cladder:12218
yes,True,yes,False,True,3b5fb2317dc30dd17eba7ca665a24e7c836dee7de40a223a983c542729dc50f7,yes,yes,True,True,,756,clean_holdout_natural,marginal,cladder:10715
yes,True,yes,False,True,3dc8835edee5c322acdbf6e32c733c50708c55efcca1b3f6fd3c8c3ec2e1704c,yes,yes,True,True,,757,clean_holdout_natural,ett,cladder:15752
no,True,no,False,True,5576a2092801cd2807df42241d0f44000a315de3a0dd60b9558276aa565f91f3,no,no,True,True,,758,clean_holdout_natural,det-counterfactual,cladder:20651
no,True,no,False,True,4646953ea3aaa2ddc87171b5359147dbd7d2f685fc1cf17c748be83a5faf50b0,no,no,True,True,,759,clean_holdout_natural,correlation,cladder:2068
yes,True,yes,False,True,2b1710907b0adc41b4c0f67cfe1a6d45811759e831c1cc6b74b0fc78069a3f97,yes,yes,True,True,,760,clean_holdout_natural,marginal,cladder:18380
yes,True,yes,False,True,0ea22c139296b4db56d1eaccbb922a1a70753c13d4c3c3db4430f8f744cf9b1b,yes,yes,True,True,,761,clean_holdout_natural,correlation,cladder:760
yes,True,yes,False,True,4db7019c841382f0165c841031d5dc636594cddb23cffd61f98a4ef5e8eac997,yes,yes,True,True,,762,clean_holdout_natural,ett,cladder:237
yes,True,yes,False,True,30dda9c6ad37d92e7d1e2483583d387dea8bb57823993eed81f9cb1cf1d3c3fb,yes,yes,True,True,,763,clean_holdout_natural,marginal,cladder:10604
no,True,no,False,True,bb39f3fb7d71b30ceb5a44307b718cd49a7476d327e014088d5481ae5cb22a1d,no,no,True,True,,764,clean_holdout_natural,correlation,cladder:15053
no,True,no,False,True,3356ee50b3675039ef2782e630eaef454f8c33978ab7ced8ae515be44ab26a0d,no,no,True,True,,765,clean_holdout_natural,nie,cladder:24996
yes,True,yes,False,True,458147f28f99714e006c9eb328a3424c649dbe6e4c8f62ec9679ced5d86ff190,yes,yes,True,True,,766,clean_holdout_natural,ate,cladder:28013
no,True,no,False,True,d853ea7fa872b74d3ffb84b2eae75b584abebd6d74cb0be89e7c2ba73b5d8681,no,no,True,True,,767,clean_holdout_natural,correlation,cladder:9219
yes,True,yes,False,True,6ed48208639721ebc6de49293a1a1b99aecb6b9d89b35005782da4370fc95a1e,yes,yes,True,True,,768,clean_holdout_natural,correlation,cladder:22143
yes,True,yes,False,True,4f234e45e5abb542bbad92d7fad9ba92e0ba48799e77b16741798781e30cd7d3,yes,yes,True,True,,769,clean_holdout_natural,ate,cladder:15176
yes,True,yes,False,True,223c363e8643fe51e4dbe5a1390651c3998a245643e35fa15e1f9bf80c3b3007,yes,yes,True,True,,770,clean_holdout_natural,nie,cladder:6200
no,True,no,False,True,4c194e008921d6c6727be782ae60290477303efa1112becd969a56e6b6d3308c,no,no,True,True,,771,clean_holdout_natural,nie,cladder:1740
yes,True,yes,False,True,33bc536d72bf91ea85a951e2b8ce01201b6c93604e4c9e3ebb73d9ba3d6b0a13,yes,yes,True,True,,772,clean_holdout_natural,marginal,cladder:6472
no,True,no,False,True,8feb1093034942888ed527f063678b1b5c77fefdb776ae75947837e03a08f57c,no,no,True,True,,773,clean_holdout_natural,ate,cladder:22201
no,True,no,False,True,720753eb1eebeee06ad732992dce15eb2dfb9f1cf44c13ecb1761f2ab8abaa0f,no,no,True,True,,774,clean_holdout_natural,correlation,cladder:7742
yes,True,yes,False,True,c51c3cf653825336d7db3fecec23a6a32c50ae1c7cd22e788520ba411776aaf8,yes,yes,True,True,,775,clean_holdout_natural,ett,cladder:25458
no,False,no,False,False,4fb0ffccd66f8aa823962e8ca7800700ed85f4c87bdff49ad96e410a268d13ae,yes,no,False,True,,776,clean_holdout_natural,collider_bias,cladder:11953
no,True,no,False,True,1d57ea72d14557116683018244922bbbf5ee260f2442034b922e1998239eca85,no,no,True,True,,777,clean_holdout_natural,ett,cladder:16912
no,True,no,False,True,f267a7ab3bc52f92433cc91f9f5152ba37107d60ceaf202c1549ad9ecb911a4c,no,no,True,True,,778,clean_holdout_natural,nie,cladder:27986
yes,True,yes,False,True,fa7d0a751bf7f4c63581baf4f86311423f4b8a158a18fa6416044ec90e704628,yes,yes,True,True,,779,clean_holdout_natural,det-counterfactual,cladder:20618
no,True,no,False,True,c2463a54ccd428f5efd2da26d2012eed7df6f773a904cb4c6e1f2c7e57d52073,no,no,True,True,,780,clean_holdout_natural,ett,cladder:28531
no,True,no,False,True,151bce421429e1126b470b8000bfaa9531e83f4ae25f4aee8a4b4c49daa51a4b,no,no,True,True,,781,clean_holdout_natural,correlation,cladder:18844
yes,True,yes,False,True,4a09156fd392c4c201d9877d47d8e8a54c99c5daf4e0276018f55e9412a77097,yes,yes,True,True,,782,clean_holdout_natural,nie,cladder:20805
no,True,no,False,True,23049c2f6b9c39a766a05d28544fe02187a800342368730f8eaa0aca86fe154c,no,no,True,True,,783,clean_holdout_natural,nde,cladder:10462
yes,True,yes,False,True,9e1f4392fc31e11fd36181c1d09c43c89e9c6c958b3028e977861a26de26fe1d,yes,yes,True,True,,784,clean_holdout_natural,nie,cladder:19719
yes,True,yes,False,True,cc5551660b537755e1825d417362d52ca06bb653d30bebd1552c4ee5740f87a3,yes,yes,True,True,,785,clean_holdout_natural,ate,cladder:3019
no,True,no,False,True,846172eff030d9604ac009dc96c36741a4f93d1ca1dc2966591fa3eb8b76c7d4,no,no,True,True,,786,clean_holdout_natural,ett,cladder:18062
yes,True,yes,False,True,e59edb3d09fba2acb2312aa0d2e17e6c814eed6d1f85d00bd0e1db4f835322ab,yes,yes,True,True,,787,clean_holdout_natural,ett,cladder:22296
yes,True,yes,False,True,4591c29dcaff50546de83da2e604f2dae63a82572e39d07b56940afec2bcd396,yes,yes,True,True,,788,clean_holdout_natural,det-counterfactual,cladder:10344
yes,True,yes,False,True,1d58e090a0e7ba799646b2e3f6ee594173c37f7304235ed95da747f99e7c9f4c,yes,yes,True,True,,789,clean_holdout_natural,marginal,cladder:6864
yes,True,yes,False,True,d229c118e6846f6fc7b35d00d3b680ca5867efabb19dbdb2a83490d3abdde7a8,yes,yes,True,True,,790,clean_holdout_natural,correlation,cladder:15418
yes,True,yes,False,True,800ef36dc39ab59098ea452f10d627734aebd99051bfdf0de075bc1ab9f5e1d2,yes,yes,True,True,,791,clean_holdout_natural,ate,cladder:8355
yes,True,yes,False,True,864c95cd803563a48cd31982a8c28188f2b0f98b92f1ce34195f2f41883491ac,yes,yes,True,True,,792,clean_holdout_natural,det-counterfactual,cladder:29707
no,True,no,False,True,7f68bf1876b795d80dbf7b5ff0e14422edf33cfc550c63ffc386ceebc7bb095b,no,no,True,True,,793,clean_holdout_natural,correlation,cladder:27294
no,True,no,False,True,af1933100bdb7614185e32ac7446f3cce9e4b1e5b86955bb66ac76a754a903f3,no,no,True,True,,794,clean_holdout_natural,ett,cladder:21420
no,True,no,False,True,8fba598458592ad74c6e5ae3d784ad0d58ede0a6023f3da316862cd2f1ae9679,no,no,True,True,,795,clean_holdout_natural,correlation,cladder:10767
no,True,no,False,True,41158dc63e77fe0b8f6cdfeca0bdfa931d3e61bb9664453d9483569639b9547f,no,no,True,True,,796,clean_holdout_natural,ate,cladder:19326
yes,True,yes,False,True,e747af0738fe729b6d2998a5e28503d51c2c1b735c4f172d35643e176bcfe433,yes,yes,True,True,,797,clean_holdout_natural,marginal,cladder:27902
no,True,no,False,True,07a9f4de3ac0bb05c499868f9f7d8dd0c9d539c79ae4629d6f37cbcbffcc498e,no,no,True,True,,798,clean_holdout_natural,ate,cladder:15670
no,True,no,False,True,b0bf48ece1647b2298b0bd55d4e08b3ed38b0bfba976f46c4b95f21e3b2c8aec,no,no,True,True,,799,clean_holdout_natural,ate,cladder:23399
no,True,no,False,True,d7df10dadba160a259a14c353b6d9085d96caf6049817fe9e000c8cca55ff979,no,no,True,True,,800,clean_holdout_natural,ett,cladder:27561
no,True,no,False,True,707c30490f94fd25283fe3250d543e22a2ef36ccfd8a15de912a8c8c0680e46e,no,no,True,True,,801,clean_holdout_natural,ett,cladder:7289
yes,True,yes,False,True,ddee42bde497f83361877e8bfeb2f55c05d9af8e97b2649206f079d6e509ad19,yes,yes,True,True,,802,clean_holdout_natural,ett,cladder:29301
no,True,no,False,True,c14fdff609bb1dc2bcab3bc450336b9c6a2e875cc82ec2c99187df3a96dab715,no,no,True,True,,803,clean_holdout_natural,marginal,cladder:17236
no,True,no,False,True,13f4b3d5e1e2c661cbdec30f5654b98067aa7be7dc00107f64e4eac0a17ca608,no,no,True,True,,804,clean_holdout_natural,marginal,cladder:11723
no,True,no,False,True,75bf45b39e8abcbd886cc5807c9ef9ee6a42e5199d93c9d304f2289a7b4c37be,no,no,True,True,,805,clean_holdout_natural,ate,cladder:22002
no,True,no,False,True,1876795cd3618686e7135280f919bb200a05f3dcd9ff0147092e6612966599ed,no,no,True,True,,806,clean_holdout_natural,nie,cladder:27648
yes,True,yes,False,True,151a659cb6ec124303419b5aa3bfcb4c19aff91bc47a0f6ddfdedd7a2b91cbe5,yes,yes,True,True,,807,clean_holdout_natural,correlation,cladder:3504
yes,True,yes,False,True,ea52ee325213ca63b21208b8927891fde9fa1b9a7c1ace36153631e4b948502f,yes,yes,True,True,,808,clean_holdout_natural,ate,cladder:9422
yes,True,yes,False,True,5c28cd5902cf95070cfead914195fefe063f1cccafe5877da28ff45e5950359c,yes,yes,True,True,,809,clean_holdout_natural,marginal,cladder:21602
yes,True,yes,False,True,21b9227a09dd02fba08ec76897281084882c31be502166d7afcd40f128e94af0,yes,yes,True,True,,810,clean_holdout_natural,correlation,cladder:16093
no,True,no,False,True,2985186dc62236fa953144d22efc8f170d0ab67a139089def50989706488359b,no,no,True,True,,811,clean_holdout_natural,ate,cladder:26865
no,True,no,False,True,db29c2abe8888df0f12ae9ba9e0a8e007338391397de197f1c0751a948f318af,no,no,True,True,,812,clean_holdout_natural,ate,cladder:5128
yes,True,yes,False,True,cfe729975872b0163a4f58c705d044e3c544a3712c7d283e698f88ce3197567b,yes,yes,True,True,,813,clean_holdout_natural,exp_away,cladder:26978
yes,True,yes,False,True,f2eb0bc9b3ad3ed7cafc79923b0866591a90f62dfde4bbe46685e9fd45735668,yes,yes,True,True,,814,clean_holdout_natural,ett,cladder:14063
no,True,no,False,True,57bbfd830cc6aa65eb867762595ff830482351bc602f6a14ff9bc2c99440e325,no,no,True,True,,815,clean_holdout_natural,marginal,cladder:21865
yes,True,yes,False,True,98aa070d0e8866751478a763629cf03d0f68fcc2dc834b983278c2b17a2ef184,yes,yes,True,True,,816,clean_holdout_natural,ett,cladder:10629
no,True,no,False,True,b9d654154ab4f8e41dde1aa97eba8404c26b02081e493471ade7514d205f0a20,no,no,True,True,,817,clean_holdout_natural,correlation,cladder:23441
no,True,no,False,True,5f8f7156184dede0888db52730215b345fd4f165ef11319d7688ba46a1d47627,no,no,True,True,,818,clean_holdout_natural,correlation,cladder:26109
yes,True,yes,False,True,c5bef0765e9134c41ab459069230d4bf025af862e95c2bc57728308487cf510f,yes,yes,True,True,,819,clean_holdout_natural,marginal,cladder:1752
yes,False,yes,False,False,1d33b7dca4a3c5c20fe00e9bf22bc7fee1fed87c3af887138c8e2cb38b809dc4,no,no,True,True,,820,clean_holdout_natural,det-counterfactual,cladder:30050
yes,True,yes,False,True,066b57b336c27db96527a91f7ef91cc76b5b1883d672fd289a8b05b352b56f57,yes,yes,True,True,,821,clean_holdout_natural,correlation,cladder:27381
yes,True,yes,False,True,0e98fbe5633e44ac3ca951813d3d0207aba519179416d385c3ec2fd6a047685e,yes,yes,True,True,,822,clean_holdout_natural,marginal,cladder:22766
no,True,no,False,True,3b8bf0ade1de585c453d4b3585a70455b1da34e488c3e944da3b676333ce945c,no,no,True,True,,823,clean_holdout_natural,marginal,cladder:6689
yes,True,yes,False,True,f44917641a181a7da427d2d798cf212e107547b547c88e49a2757eef473cec9b,yes,yes,True,True,,824,clean_holdout_natural,ate,cladder:13670
no,True,no,False,True,dcb0edd8d9423e32965b5816c70785d0bda45f9176803faeea3b50f961b09698,no,no,True,True,,825,clean_holdout_natural,collider_bias,cladder:17827
yes,True,yes,False,True,738179a4ab3f652b0baaa8f394f7e0c8b6a752ddab905b036ac48b2188161ea5,yes,yes,True,True,,826,clean_holdout_natural,backadj,cladder:14002
no,True,no,False,True,a8f388a7f4195c87c0cad1c27182d26f977359931cabf8c1de6c62d891e6c4a5,no,no,True,True,,827,clean_holdout_natural,nie,cladder:4325
yes,True,yes,False,True,3e9c92b396d5bf90064f17bc2c73dd59ad34af36eba1258be666fe547320f09e,yes,yes,True,True,,828,clean_holdout_natural,ate,cladder:23060
yes,True,yes,False,True,f8281c49f44c0501bb8cb67569c2af90db960b1d4202bb16a2231ee04662e1b6,yes,yes,True,True,,829,clean_holdout_natural,ate,cladder:8349
yes,True,yes,False,True,cd9b943a79882ec377f43d47ce029de5de4f15379453942fb898f7f5d5142cae,yes,yes,True,True,,830,clean_holdout_natural,correlation,cladder:15486
yes,True,yes,False,True,a8e1078b482f526e98a3de7047d43e500a0788378b9330a34afecbc14c54c7ae,yes,yes,True,True,,831,clean_holdout_natural,backadj,cladder:12052
no,True,no,False,True,db1df9c5ee445df82171447f12f78f2e2afee8456aede9ea9e631a6961fd9036,no,no,True,True,,832,clean_holdout_natural,marginal,cladder:17879
no,True,no,False,True,e79cf51054fd69fbcbd4f6b88c905d80dd1c3261274556ee53ff0b0e0bfbb0f0,no,no,True,True,,833,clean_holdout_natural,correlation,cladder:15155
no,True,no,False,True,1f656204630df188f89d35eced5a668c891631918bd843367e1d969d9c444d8c,no,no,True,True,,834,clean_holdout_natural,ett,cladder:308
yes,True,yes,False,True,efa4da5f292d2a03444ed1da38c546281e772814cc1167395293f1e1b81aa116,yes,yes,True,True,,835,clean_holdout_natural,ate,cladder:16264
yes,True,yes,False,True,03e2f5352064bbe28728d558292981cfc48566aed51da4c566f34ea84cd29dc8,yes,yes,True,True,,836,clean_holdout_natural,correlation,cladder:14963
yes,False,yes,False,False,509e3bb78564b2b3c907a2880f9d95f3803620bcba3ca68e6f59f1df11112dfe,no,yes,False,True,,837,clean_holdout_natural,det-counterfactual,cladder:20486
yes,True,yes,False,True,36a7738e2dbf788b26192ed413f84ee9f737e3b6bae70c3eed09fca436e6915a,yes,yes,True,True,,838,clean_holdout_natural,marginal,cladder:25085
no,True,no,False,True,e5f554ee9f6e2718be5f57201902882348711be98761ec9951d82d9ab2703088,no,no,True,True,,839,clean_holdout_natural,marginal,cladder:17652
no,True,no,False,True,698d4483457256ea469232e6d71734c1d20c7a59b5b839396a9fc9e92e4de1de,no,no,True,True,,840,clean_holdout_natural,ett,cladder:13560
no,True,no,False,True,c3208df8a9de8a428a8504c718f8dba40a3844610d9df48419ba9fcbbff38a10,no,no,True,True,,841,clean_holdout_natural,nie,cladder:10842
no,True,no,False,True,441ca3de452a56aade3485fcdd7973a17cd21f57108c69e587b0687fcd1e383b,no,yes,False,True,,842,clean_holdout_natural,ett,cladder:11194
yes,True,yes,False,True,b5753773fec11f058d3cfee3fce17827231d1ad24242e634f363a0a31f246c07,yes,yes,True,True,,843,clean_holdout_natural,marginal,cladder:27458
no,True,no,False,True,218b09a481386b99d6bc8ba99ba821736284f5032159a0c9285a2bfba8f967b6,no,no,True,True,,844,clean_holdout_natural,ett,cladder:5686
no,True,no,False,True,fcbd18a4dd282bac67b2f2ea8c6f00b1bdc8039885b0df6d0ed43c277bd9c859,no,no,True,True,,845,clean_holdout_natural,marginal,cladder:29153
no,True,no,False,True,41111fee38c1601ea34d3d2de648c1bb8211a2924b0777504bf14ca6c5e5495d,no,no,True,True,,846,clean_holdout_natural,ate,cladder:9467
no,True,no,False,True,6bcbd74562e8e73d51ea530514b9ddf365094bf00b99fd368de3484d7336738d,no,no,True,True,,847,clean_holdout_natural,collider_bias,cladder:13146
no,True,no,False,True,80b38ff1377a91f8277c60e2d585476a1bb7291eebc08643c1283a950d36b9d5,no,no,True,True,,848,clean_holdout_natural,ate,cladder:19663
no,True,no,False,True,e8d12f21c421033dbe213b31d6b77c6ffade6893d7c7782308e4f22c67ac040c,no,no,True,True,,849,clean_holdout_natural,nde,cladder:2437
no,True,no,False,True,947de23b82f14e4a402f87ff1785c6031740dc570560db7050c224f27580f1f4,no,no,True,True,,850,clean_holdout_natural,ett,cladder:17276
no,True,no,False,True,039682b57f9c41d201dba3ee284cbfc6124acd49fcdb208f20741b29062ff139,no,no,True,True,,851,clean_holdout_natural,marginal,cladder:3314
yes,True,yes,False,True,0b2e1461dfc4f2df51b1a65b75ae5c04c316b3ff068a8f881320d03235841584,yes,yes,True,True,,852,clean_holdout_natural,nie,cladder:12121
yes,True,yes,False,True,f172251c2737f1ce82094db55874321c75d26c74995385ac2a1806ad6ae6a459,yes,yes,True,True,,853,clean_holdout_natural,marginal,cladder:17284
yes,True,yes,False,True,e4298d95dbf8820e353b814a18745b4e66ff0c02505d08778f9ba0d4300b6a3a,yes,yes,True,True,,854,clean_holdout_natural,ate,cladder:22835
yes,True,yes,False,True,3097cf59304e2121a711d00c0a62a50dbb2b6ebf85319f5ea0ed98f18c99e516,yes,yes,True,True,,855,clean_holdout_natural,ate,cladder:25118
no,True,no,False,True,b1a1d87ee9c50d26f1472626cc422a7d8844287d10e76023bbc8520095bd6a36,no,no,True,True,,856,clean_holdout_natural,ate,cladder:4702
no,True,no,False,True,9d72bd0ec10d20e70dcfae1a4ee7d2a3d7f60dcca55d7c53582d0eb7bd7c7c2e,no,no,True,True,,857,clean_holdout_natural,det-counterfactual,cladder:9938
no,True,no,False,True,b35cc1c3f8d430adf7badcad3bf8c64281bef2a49bf0aafeb9c9f831e7976e15,no,no,True,True,,858,clean_holdout_natural,correlation,cladder:26967
yes,True,yes,False,True,3ca5791a2aca1ff53ae1c608ec67c0daed4d1013ab95d42197c5c100c0036a09,yes,yes,True,True,,859,clean_holdout_natural,det-counterfactual,cladder:30375
no,True,no,False,True,956aacb920b7d10b64701d0b73aae3cfc125fc72601626c21895f1dd29efe062,no,yes,False,True,,860,clean_holdout_natural,det-counterfactual,cladder:10311
no,True,no,False,True,a055d8d8ee5db9375384fbafe524521374967e2c2460f2a369e39e676a340114,no,no,True,True,,861,clean_holdout_natural,ate,cladder:24602
yes,True,yes,False,True,122975f4ac4bab100f1b001f10e3816820061d6a4499f97c0a2fc693a1b87ed6,yes,yes,True,True,,862,clean_holdout_natural,ate,cladder:27014
yes,True,yes,False,True,672942463ea50b0bff6569ebca87b729db9bb13ed674323812772af042669517,yes,yes,True,True,,863,clean_holdout_natural,correlation,cladder:29515
yes,True,yes,False,True,83dcabbbe0c303e0fecf737211690eafbf1ae2d592e0ea0d08955642d0f49673,yes,yes,True,True,,864,clean_holdout_natural,det-counterfactual,cladder:20674
yes,True,yes,False,True,e74c784be72eb20fe52ce38f1357a7ad6f180b520d049db804e2463f35279793,yes,yes,True,True,,865,clean_holdout_natural,correlation,cladder:24258
yes,False,yes,False,False,575a68987a316bc818cb4134f5c8740af4692c5073a0aa5c7cd70b83ff9fd0f6,no,yes,False,True,,866,clean_holdout_natural,marginal,cladder:10904
yes,True,yes,False,True,608ef10591f2716f6dddb6e96400fae66608c885ff75752a79f71590690fa7d4,yes,yes,True,True,,867,clean_holdout_natural,ett,cladder:27376
yes,True,yes,False,True,ce06bf7540f35ee9bc0e82bad6bb8962f090ab3ca711a43aae4814ea57759212,yes,yes,True,True,,868,clean_holdout_natural,nde,cladder:6156
no,True,no,False,True,414f18a05b5da48f7826c6c093aeacb01a10ea8740f1ee3aac014210c6ca4e6a,no,no,True,True,,869,clean_holdout_natural,correlation,cladder:25498
no,True,no,False,True,82a3fc81faf8868f2567f406776ca27517c2c29434965b847e88128fb0246032,no,no,True,True,,870,clean_holdout_natural,marginal,cladder:25801
no,True,no,False,True,154e31c6df395528a3d12182ec383d905f4386ac551708c84ae015547145d242,no,no,True,True,,871,clean_holdout_natural,ett,cladder:23116
yes,True,yes,False,True,db9ed141f87720d9f30b33c698496f3c47bbab8bb5d26ddee1add7c1a4947a4c,yes,yes,True,True,,872,clean_holdout_natural,ate,cladder:11480
yes,True,yes,False,True,a077aaaaf044d91d544615f73fc4f6ef01ae296141cc609773bf286060e70bed,yes,yes,True,True,,873,clean_holdout_natural,correlation,cladder:5212
no,True,no,False,True,a047a209226c41513953e4e04e1957bf6bb676083e87fb7c46e479c42c21694a,no,no,True,True,,874,clean_holdout_natural,ate,cladder:21327
yes,True,yes,False,True,19ae76cfec45b51a68b5fb757b93bdd7ec910fe6e60f96835a78b736a1e6740c,yes,yes,True,True,,875,clean_holdout_natural,marginal,cladder:1005
no,False,no,False,False,62e703081a643a82678c0471e4d90d19877349b40c0db430b8084e713562f086,yes,yes,True,True,,876,clean_holdout_natural,collider_bias,cladder:13087
no,True,no,False,True,a05997d8088f5afa1ce1d5489f3aa545ca59109ef0f7940bb271dceed3cd3116,no,no,True,True,,877,clean_holdout_natural,nie,cladder:26487
yes,True,yes,False,True,466f069c4a55e23d92045584169621da99ec600944f51d6dfd0ac9c6a1ba5b29,yes,yes,True,True,,878,clean_holdout_natural,ate,cladder:23179
yes,True,yes,False,True,5f5d32e1d9bbf8b61bc39eb76c59839f753d42bfbf60c985893ba9ba21eac339,yes,yes,True,True,,879,clean_holdout_natural,nie,cladder:13692
yes,True,yes,False,True,a7b29b23e1c90b1f3686053a991b39993d583c593fe1599caaccfa66036823df,yes,yes,True,True,,880,clean_holdout_natural,exp_away,cladder:26984
no,True,no,False,True,b188745a3a9d20dac4feba65bccd0f0866baa93de16e7d9a615957d06e81ee73,no,yes,False,True,,881,clean_holdout_natural,det-counterfactual,cladder:30326
yes,True,yes,False,True,9a7dae96321520191fde29624c7f9477824ac65376d3dcfbf7d623e5f06f46ea,yes,yes,True,True,,882,clean_holdout_natural,nie,cladder:15640
yes,True,yes,False,True,8af37488ad0ff57abd623962f759b60f63a29211017ca74cde44c8b8f2a66f68,yes,yes,True,True,,883,clean_holdout_natural,ate,cladder:27126
no,False,no,False,False,7f3ccf40c4ea92e92329136c91c838578b2d9ffeb0ed7b64b556a1b48cbc8aec,yes,yes,True,True,,884,clean_holdout_natural,collider_bias,cladder:17940
no,True,no,False,True,a7364f0067bb58dc98d0cbabd53a45b3b5f3a19fa9e08be10bc63e1c9063939d,no,no,True,True,,885,clean_holdout_natural,correlation,cladder:2234
yes,True,yes,False,True,33e5ae9349fa71dbc9d7176cca80a5722847651e7ddd0173041749ba259e559d,yes,yes,True,True,,886,clean_holdout_natural,ate,cladder:4015
no,True,no,False,True,a1b1e81f58bd1334bf2eca5f1b7c627a62012ddb41dd0c5a05ff01bbb7f3df9f,no,no,True,True,,887,clean_holdout_natural,ett,cladder:6786
yes,True,yes,False,True,7bf6d386c94cf7408163876fdf5ec7f7cdd6564910fa4fc3cf45a7da079dc9bc,yes,yes,True,True,,888,clean_holdout_natural,ate,cladder:15545
yes,False,yes,False,False,69e9e87270f1e69c26f32efcacce02d5c462b201c543aff1a59c617fa031443c,no,yes,False,True,,889,clean_holdout_natural,nie,cladder:1319
yes,True,yes,False,True,fc4d01820d180ee1c78ab4e7faf0f31901b8f11f9cd010dc11f63c8d8c0669f9,yes,yes,True,True,,890,clean_holdout_natural,correlation,cladder:26133
no,True,no,False,True,55c5eace6119b6821218bb7d8fb75e1e5a8d91fdf23b8dc6e8cfc26a30bf5fd5,no,no,True,True,,891,clean_holdout_natural,marginal,cladder:29486
no,True,no,False,True,008e0361ceadfa9498149c3e464f499a3a1140374453d34cc699163923be634e,no,no,True,True,,892,clean_holdout_natural,nie,cladder:24877
yes,True,yes,False,True,2cc81e81aaf51bfdcbd11990d30f2dccecb74a36974a5ff4b96e7399b1f41a4d,yes,yes,True,True,,893,clean_holdout_natural,ett,cladder:24634
no,True,no,False,True,b5fb227b31beb9e40b30d78923697f239e9cb89fba0167142325827a1ac251dd,no,no,True,True,,894,clean_holdout_natural,nde,cladder:19218
yes,True,yes,False,True,6ebf90e6c7360ace342573bc23ad91e140fb993d6bc7419d80ab19f53e87655a,yes,no,False,True,,895,clean_holdout_natural,det-counterfactual,cladder:20641
yes,True,yes,False,True,689fee0c7bd87355b77a541c5696f039e9bd2efe6802183e564f85912404df0c,yes,yes,True,True,,896,clean_holdout_natural,ate,cladder:27740
yes,True,yes,False,True,05b5c068e0ae4b5de7507dd092389f2a4c31cfcd7ae133d7322d6805fe1db610,yes,yes,True,True,,897,clean_holdout_natural,det-counterfactual,cladder:10064
no,True,no,False,True,a163fdac701bbd238a6cf23f5674918d75bf3767a486befb10178914e6075db6,no,no,True,True,,898,clean_holdout_natural,marginal,cladder:19231
yes,False,yes,False,False,32ff33a4a0eda0e4bc2c0ec2a009bd6ef7c28df53517d13d0e3fa6c2a41a9332,no,yes,False,True,,899,clean_holdout_natural,nde,cladder:1170
no,True,no,False,True,22e34ed2e3d37ed2c8b20af69795e55bb9c967b21feb318ea44449f0c2f6c538,no,no,True,True,,900,clean_holdout_natural,correlation,cladder:6637
yes,True,yes,False,True,0fe4ac9f4b6e6575af2ab699042f440ac60cc6322982d5150a0754f9ff82bd1e,yes,yes,True,True,,901,clean_holdout_natural,nie,cladder:13811
yes,True,yes,False,True,3e2525d19b35ec3798e13caa6e6d0c9e13b0fc633ab69b326af2ed1e2a12d11e,yes,yes,True,True,,902,clean_holdout_natural,det-counterfactual,cladder:29746
no,True,no,False,True,37d416473eabdbf3e12e4366b8855b2f92ccc31d84b884371a7d170cfc8aca08,no,no,True,True,,903,clean_holdout_natural,nie,cladder:2285
yes,True,yes,False,True,475d57e56e0955ef58035e48a1c259aeb869ff88b42ba95549c7e8703bc0fa46,yes,yes,True,True,,904,clean_holdout_natural,ett,cladder:15653
no,True,no,False,True,7e03eb6d8c05e12e111cef1f19998492d77757aad7e6d2b3ab1c57a36997f242,no,no,True,True,,905,clean_holdout_natural,ate,cladder:24633
yes,True,yes,False,True,9d50d5a679a244b805ed7edab5bcb3d3b5b3676ae7346f4ee02fa3e023d215b9,yes,yes,True,True,,906,clean_holdout_natural,correlation,cladder:7034
yes,True,yes,False,True,60a54d252a5f52b815892a60fe695f9b715c95f25a48d9bc956ccdc960799806,yes,yes,True,True,,907,clean_holdout_natural,correlation,cladder:3303
no,True,no,False,True,9fea4f75fe2e384af2bb87be4c6bb1fde5aff9783a4f721f7a4d3d6fb2eccf8b,no,no,True,True,,908,clean_holdout_natural,ett,cladder:18357
no,True,no,False,True,9523b2e1a5d807e4c3783ca33b7966ef5ab4733aefa1f6c9c0765727e3ac9f29,no,no,True,True,,909,clean_holdout_natural,ett,cladder:19110
no,True,no,False,True,58c2b509b8aa4ed3350a34a4e5e9db2f4a127bd2dba217a0b31a0ce626a1df3b,no,yes,False,True,,910,clean_holdout_natural,det-counterfactual,cladder:20054
yes,True,yes,False,True,3579238fdb03ccaa2198c228262dab8a6fab98a7ae7ed754910a0e79c9cab8b3,yes,yes,True,True,,911,clean_holdout_natural,correlation,cladder:10457
yes,True,yes,False,True,cde06ac6e3718656cfe28f3afebf7e2a277d59689c7d42bd90d33f90d87b2349,yes,yes,True,True,,912,clean_holdout_natural,det-counterfactual,cladder:10253
no,True,no,False,True,d51ae9646ce16c74136a798899c2c0a666ba8f399936ead782682dbbea9211f8,no,no,True,True,,913,clean_holdout_natural,ate,cladder:10770
yes,False,yes,False,False,59447e0284683ff67647048bc25843df1c83bb18352e208d21d2b6f2ccbcc5f0,no,no,True,True,,914,clean_holdout_natural,nde,cladder:1047
yes,True,yes,False,True,ceb5cff549ea70464d8592c9619d074f5cf02d3abdb9c609d53b2d38ce3f178a,yes,yes,True,True,,915,clean_holdout_natural,correlation,cladder:12171
no,True,no,False,True,1ad66d6d55efa75f182594defce0a73fed0e99940f17e720ef4fae56d1c2065e,no,no,True,True,,916,clean_holdout_natural,ate,cladder:22488
no,True,no,False,True,39b88abbcf708f485c1f2d42f0216aade453a99f45eb50957ec5a9884410e717,no,no,True,True,,917,clean_holdout_natural,nie,cladder:21961
no,True,no,False,True,ce7f99f8e49ce024dc9342fc48c897339d20f3ccf98e992392142c5a8493f235,no,no,True,True,,918,clean_holdout_natural,exp_away,cladder:7510
yes,True,yes,False,True,8d51ec72975dc9edaf22ba02b79defead1b0b59b980082efac4ca2af3c373eae,yes,yes,True,True,,919,clean_holdout_natural,marginal,cladder:11140
no,False,no,False,False,9b60c256fff28a9b5a018a305d50e728ad0270e9d2c8c02f3783e7ec9ba48cac,yes,no,False,True,,920,clean_holdout_natural,ett,cladder:16468
no,True,no,False,True,5adfb75f1e272f623747a79bedc0983a28d6dd6572bb1294e46246ac75be200e,no,no,True,True,,921,clean_holdout_natural,ett,cladder:3847
no,True,no,False,True,a3501396d8772655e6a79cc729397561cdc66864eab653b0c5ab07a110165e2a,no,no,True,True,,922,clean_holdout_natural,ate,cladder:3868
yes,True,yes,False,True,cb708bd0dab21efe8d9d6c80976a2c7a4176722d921e3c6fb38d7f8d05bf7c23,yes,yes,True,True,,923,clean_holdout_natural,exp_away,cladder:6711
no,True,no,False,True,cb9146a3674aaf2bd1653553270a092c0669fc16d01f075f61daf253244d28b5,no,no,True,True,,924,clean_holdout_natural,correlation,cladder:458
no,True,no,False,True,f13d98639cc59d45850be23d3fec6fbdc0adf02dc86905a8c4db00853e331621,no,no,True,True,,925,clean_holdout_natural,correlation,cladder:11390
no,True,no,False,True,4f768688437c4284719d06a3ba077fe5cbcc6b3d3d295d9cc2f91888c67b36d3,no,no,True,True,,926,clean_holdout_natural,correlation,cladder:655
yes,True,yes,False,True,1b4afba56bd526bcb31852a1c3eb2b0a60fea93ab4dd66eb55bd317d9bccc18a,yes,yes,True,True,,927,clean_holdout_natural,marginal,cladder:2895
yes,True,yes,False,True,19a37a51b80811c6b8ba8a25b21c1d257c485a98764873d5c3fec13f8dbeb964,yes,yes,True,True,,928,clean_holdout_natural,det-counterfactual,cladder:20214
no,True,no,False,True,6af70010af1566c204092fd4a85353a0b8d04fd07cddce564c5d1aebd1a95466,no,no,True,True,,929,clean_holdout_natural,ate,cladder:2464
yes,True,yes,False,True,fd1ad67e8b9519181d0ac29ed03afa16adf0d6a904491b17b8bc89cb279213c2,yes,yes,True,True,,930,clean_holdout_natural,ate,cladder:21439
no,False,no,False,False,b1f6187bf20e162251a83c65b005b445a94a505f860f7e9e58eb7f7506c22eca,yes,no,False,True,,931,clean_holdout_natural,ett,cladder:21881
yes,True,yes,False,True,6fba5928855179b35f23f098bd9f193e9240a4f60ad69b0ac10e106dc59a9ba5,yes,yes,True,True,,932,clean_holdout_natural,marginal,cladder:5119
yes,True,yes,False,True,27df64c01ef157aa22734113d33a75a2c9eed32302805bdcc6efebee488d36ae,yes,yes,True,True,,933,clean_holdout_natural,backadj,cladder:13143
yes,True,yes,False,True,4be1f70a40ab0c733ab4e6f2990438770ad54aa950e6139a692cedb1a549749b,yes,yes,True,True,,934,clean_holdout_natural,det-counterfactual,cladder:30671
yes,True,yes,False,True,7557b960a16da40032d39f8036028c493387ea1224a035bdf8816e27a09312ab,yes,yes,True,True,,935,clean_holdout_natural,ett,cladder:1071
yes,False,yes,False,False,873e3cff195e4a3e95cf865b0b74987b0499f37d56750bdee4453c76ad048af7,no,no,True,True,,936,clean_holdout_natural,nde,cladder:1142
yes,True,yes,False,True,96321ea29182cdb5e4e2845c3d0429475dc12b683f6b8bfc0ac8d148d25be954,yes,yes,True,True,,937,clean_holdout_natural,ate,cladder:19796
yes,True,yes,False,True,7cf5c110cd55a974660a487a83a74159f53260679ec0f74909fccb76074f4f04,yes,yes,True,True,,938,clean_holdout_natural,ate,cladder:21598
yes,True,yes,False,True,03e4e28332e2b512e3c3ff5f47c2556baf5ea198020bfdbafd60f88dae87785a,yes,yes,True,True,,939,clean_holdout_natural,ate,cladder:24972
no,True,no,False,True,44b396da81ccd145a7045d55dfc13e2dfa31cf842101b52d32712bf519e748a8,no,no,True,True,,940,clean_holdout_natural,marginal,cladder:16480
yes,True,yes,False,True,d41d814e7ac87080bdb88180c979fa6bf520eb036238b4084bf4b4a190865f71,yes,yes,True,True,,941,clean_holdout_natural,marginal,cladder:26288
yes,True,yes,False,True,2583fe109075b631c95ba6e458e6a1b7e3b643c4a8f72fa46afd5f6a0046f1d9,yes,yes,True,True,,942,clean_holdout_natural,marginal,cladder:10891
no,True,no,False,True,c253bde0d6ac1678c2db4f4d08081e87fdc260d80e9e8034cdc030a46f2f000f,no,no,True,True,,943,clean_holdout_natural,ate,cladder:1782
no,True,no,False,True,3d88fd735c40ed558079fd823ba51f88babd1454b96c7e49835f1240952abe4a,no,no,True,True,,944,clean_holdout_natural,nie,cladder:407
yes,True,yes,False,True,6b7a54274bb49d4d5d3f07f98e4454d23ac64284af3cdfc0df560e5be90712c9,yes,yes,True,True,,945,clean_holdout_natural,exp_away,cladder:17843
no,True,no,False,True,22b8f036f4972863ac8d0c1edf2fb90de8cf7287b32d46705b99f2af94f42cb1,no,no,True,True,,946,clean_holdout_natural,ate,cladder:16276
yes,True,yes,False,True,092f5114d9f8894d29dc2924d2874db62281d9b24fdef6d3db3a0a6cd09de5ed,yes,yes,True,True,,947,clean_holdout_natural,marginal,cladder:25290
yes,True,yes,False,True,50e882b8f1ae5116cfca4d3da5aca535fdffdbd62e89a478226f5fdf76e2d30b,yes,yes,True,True,,948,clean_holdout_natural,correlation,cladder:28161
no,True,no,False,True,f3775c25c66773d72590c703daa4d1b28781ece28a7d71ab33be168d0b5f3141,no,no,True,True,,949,clean_holdout_natural,ett,cladder:918
yes,True,yes,False,True,4f8a66d5226faad83875affd1e1cf6a0ed8d19aa8c25fe3ec8f197481dcbf36d,yes,yes,True,True,,950,clean_holdout_natural,det-counterfactual,cladder:19943
yes,True,yes,False,True,beff0d30588cc5e96d5d8f5a99e2d05013dfaf8da823b9ba1bc072bba9df9f9c,yes,yes,True,True,,951,clean_holdout_natural,det-counterfactual,cladder:10026
yes,True,yes,False,True,9aa287f0dddac7c31b1ebb3680ed75e1e7dc0e59fa51f7378f290df34718c2af,yes,yes,True,True,,952,clean_holdout_natural,correlation,cladder:29565
no,True,no,False,True,15bbab8e37238860baf931474b30060d46c9b193f5899537a9f7981321e5e6c0,no,no,True,True,,953,clean_holdout_natural,ate,cladder:10399
yes,True,yes,False,True,e4d9161f5a089b2816017af871ccdbb3e12e87bdb8804d8657822ec60fdae924,yes,yes,True,True,,954,clean_holdout_natural,det-counterfactual,cladder:10360
no,True,no,False,True,fcee57a85dade4d586ec56229061987400223711b879c5d08df6985cdde19121,no,no,True,True,,955,clean_holdout_natural,exp_away,cladder:6772
no,True,no,False,True,1f93db40e727e4d3b6a7bb2147eeb9c4f7ee5c66496de1a9bddd90d4b05c0414,no,no,True,True,,956,clean_holdout_natural,nde,cladder:29263
no,True,no,False,True,464f4dabcc185b6f000fac958eb13444e624011873e7200b850cbbb7c8e053d0,no,no,True,True,,957,clean_holdout_natural,correlation,cladder:11398
no,True,no,False,True,05cc8918ac3a608827372475c8001d5fbc30c3e5d2edd9adbcc7ca8e2f25caeb,no,no,True,True,,958,clean_holdout_natural,nde,cladder:2445
yes,True,yes,False,True,f4c6f044ec2d143285570f2bd19fdfd502eb1910406835405e05e417d979d07f,yes,yes,True,True,,959,clean_holdout_natural,correlation,cladder:16062
no,True,no,False,True,212e40a39c65ae3dc351eee4932da09b8445b33e34345c76f8ef31227f0fc10f,no,no,True,True,,960,clean_holdout_natural,ate,cladder:13236
yes,True,yes,False,True,e61104fc6a922e262f3445294e51c1507ed6c6cec9820baf098e8143831bec76,yes,yes,True,True,,961,clean_holdout_natural,ate,cladder:16426
yes,True,yes,False,True,37be2d7f41d30a63d7ca2955556bf714309ce784793360e86ac695990cd4250e,yes,yes,True,True,,962,clean_holdout_natural,ate,cladder:28278
yes,True,yes,False,True,936e49f7d6206389af13569298385bceb2a26327ea6aac46c7f0a28d7c522536,yes,yes,True,True,,963,clean_holdout_natural,marginal,cladder:14771
no,True,no,False,True,0d0ad66d5360d23e4bf217160b1a0246b8c7bbf1a38156c08a7ec28c0f0bcb60,no,no,True,True,,964,clean_holdout_natural,exp_away,cladder:13100
no,True,no,False,True,6dd9e262086368e22794acdcd7e514a98ed4289ffed32911b30aa00b223a7c9f,no,no,True,True,,965,clean_holdout_natural,nde,cladder:17391
yes,True,yes,False,True,c81fc157bfcd86320afdb6ce1ef4e043728e0868756760a070bcd47c4c61bdac,yes,yes,True,True,,966,clean_holdout_natural,ate,cladder:24688
yes,True,yes,False,True,d129cc5a514313bbf79e4b8639aa034d822648ec601795e2bad71edb33e848ed,yes,yes,True,True,,967,clean_holdout_natural,marginal,cladder:27537
no,True,no,False,True,153a4f91d7d999440c9d2f77b1cb0aa5c326008146a38bd720d25970ca75e028,no,no,True,True,,968,clean_holdout_natural,collider_bias,cladder:7590
no,True,no,False,True,d3caa6fea2e812ede80e43e68c3a3871ac1d1ba17cd8d3854f93db19faf8e2c3,no,no,True,True,,969,clean_holdout_natural,nie,cladder:26394
yes,True,yes,False,True,07fa0456ce3fd71b7ee0e5aae1716a3688ded7a169361c1a3c3e0fd7d84cee26,yes,yes,True,True,,970,clean_holdout_natural,ate,cladder:10777
yes,True,yes,False,True,da139452a95fe42819fd7bc8229a9db730546e9a79b2f5bb1d4e2663f67424aa,yes,yes,True,True,,971,clean_holdout_natural,ate,cladder:25637
no,True,no,False,True,e0d7f8ec67d769003404ced77b7b92013608492604b593e9f596f5d711870c09,no,no,True,True,,972,clean_holdout_natural,det-counterfactual,cladder:10041
yes,True,yes,False,True,36194e226992fdc8f6ffd1691fb3fd37077b3c4633a33854051fe1623e473b78,yes,yes,True,True,,973,clean_holdout_natural,marginal,cladder:1596
no,False,no,False,False,095826eb3380bdde4e8968410383c9c74ba56966d65bd83b33c56a894891553a,yes,no,False,True,,0,structural_stress_holdout,backadj,cladder:10614
no,True,no,False,True,8cc75b39a1f13a8be9c2bb79711b050a73b1abd3fd19485b3c7c5e2165acd448,no,no,True,True,,1,structural_stress_holdout,det-counterfactual,cladder:20659
no,True,no,False,True,31631da46c49423f77beea9b2d288bcfecd64a4de6d36aec2c6799221917c69d,no,no,True,True,,2,structural_stress_holdout,det-counterfactual,cladder:9682
no,True,no,False,True,653aeffe7ddedbb817fb066aaa7f04582ee2fa7ad9bb80c776cd0a15c4357208,no,no,True,True,,3,structural_stress_holdout,correlation,cladder:16364
no,True,no,False,True,ada3ef3d5bc3140470d7a333c8b51e9c4262c99cf77e7e7846d5b5731b4fd205,no,no,True,True,,4,structural_stress_holdout,det-counterfactual,cladder:29719
yes,True,yes,False,True,dc6ad486536613c96ee9caaee889195b748cd73c9f44b1c5e58419ba9db34418,yes,yes,True,True,,5,structural_stress_holdout,correlation,cladder:13491
yes,True,yes,False,True,ae826c748ba9398cb406f4b252ccef778d7a14fb26b36353456ab781a36e2a50,yes,yes,True,True,,6,structural_stress_holdout,det-counterfactual,cladder:20772
no,True,no,False,True,5f21e3849115259da345f4d18e23a2b0578227f1a87686137c30e54566f0dba6,no,no,True,True,,7,structural_stress_holdout,correlation,cladder:5089
yes,True,yes,False,True,0f4fc6a42939689574fb3f7a0493cdea7de9b4b91a602c4579b685260094bd7b,yes,yes,True,True,,8,structural_stress_holdout,ett,cladder:24771
no,False,no,False,False,105d020d9897e939f11ff4ca70902f5ea6926eac6bb91cb380038aa141c4e3b5,yes,yes,True,True,,9,structural_stress_holdout,ett,cladder:16376
yes,True,yes,False,True,5ce430df99da5b4c61433e3514d80d97801d129c93c4ad3d2e3fc27884d94569,yes,yes,True,True,,10,structural_stress_holdout,nie,cladder:8128
no,True,no,False,True,103e2b5ba070ebacaa321ad6141cfcaae7da3680bb5cdec19d41290331426184,no,no,True,True,,11,structural_stress_holdout,correlation,cladder:9039
yes,True,yes,False,True,f1767ee413403577ba497b9b3018d83ac4b7a5a774ae4ed1c7d7d7e0f917d112,yes,no,False,True,,12,structural_stress_holdout,backadj,cladder:10426
no,True,no,False,True,01cd45005b5736a7c69095c5aaf19f11aed719b39e6f58914a12249bbda8ea1c,no,no,True,True,,13,structural_stress_holdout,det-counterfactual,cladder:20275
yes,True,yes,False,True,36c871ed14c4846d260e70fac1f84290dd73be298da7e1f921c32f960758dc98,yes,yes,True,True,,14,structural_stress_holdout,nie,cladder:14764
no,False,no,False,False,5c17f52370ae07f2171e48a368b72fbc25d05a226a472886b87802693a6d40d0,yes,yes,True,True,,15,structural_stress_holdout,collider_bias,cladder:1545
yes,True,yes,False,True,9f65d103f940e5595bdd1ba6b0c152716b94162b5a52681691abf14dda698387,yes,yes,True,True,,16,structural_stress_holdout,nie,cladder:10500
no,True,no,False,True,6c0139882e3be915a74bcb6f71c9b141300118bf3039f8d2726ee1f5deb072c7,no,no,True,True,,17,structural_stress_holdout,ett,cladder:18559
no,True,no,False,True,e2ace2a50faca7f5631126c96079704109d651ecaafa5e75f899050dded1b70b,no,no,True,True,,18,structural_stress_holdout,correlation,cladder:19463
no,True,no,False,True,d6fa581d39ac65eeb14c20a4e769be570aa6e9943d0f0880be69c98a42cd2839,no,no,True,True,,19,structural_stress_holdout,ett,cladder:16050
no,True,no,False,True,5557967128fb75e1da26168555eeada910fee433a9002e4c12e993c8cdc2a571,no,no,True,True,,20,structural_stress_holdout,correlation,cladder:14685
no,True,no,False,True,47141370de10970cf445145e97eef532a66b618117ff162dfc2f5a19b531afeb,no,no,True,True,,21,structural_stress_holdout,det-counterfactual,cladder:20068
yes,True,yes,False,True,192d883c7b98ce68f2c5c76fecd42a238b18b874df63b36e50b790c4bad09264,yes,yes,True,True,,22,structural_stress_holdout,ett,cladder:1036
yes,True,yes,False,True,780bd01f6a53cce92bb328072127c5ea53348cacb31e2a205438debfb95552b9,yes,yes,True,True,,23,structural_stress_holdout,nie,cladder:25907
no,True,no,False,True,c87368eb50d77377010a5ea7a0286bd4f9f6ec6ea2b8f1ad94c17aba73ad2ccf,no,no,True,True,,24,structural_stress_holdout,correlation,cladder:16841
no,True,no,False,True,aeb766486444827dedb969f3846bd6fed711818c0ca7618b34a3bd69c1ea38be,no,no,True,True,,25,structural_stress_holdout,ett,cladder:22315
no,False,no,False,False,6743d06292decdd9ebadec0fa19616fae20ed6a4c94aa113c330fd8f9cb1e3ad,yes,no,False,True,,26,structural_stress_holdout,ett,cladder:23125
yes,True,yes,False,True,9b4f7be66fd3cfaf9b47946b8a066e844a2f756e9b4fa0d31d52a67bf3818c31,yes,yes,True,True,,27,structural_stress_holdout,nie,cladder:16485
yes,True,yes,False,True,981feaa9bdbd3c07be4e55aa35a00634c852f4121368a0b972015ce690dba456,yes,yes,True,True,,28,structural_stress_holdout,correlation,cladder:18040
yes,True,yes,False,True,c224f053b1e0fc5a2212dc0a3d99a6f099968b508d5af71443ce83a1f0fbdb3a,yes,yes,True,True,,29,structural_stress_holdout,correlation,cladder:26355
no,True,no,False,True,ab942a9388476e229b00505402568f85e1047fd505b60c47f97b564455be03b4,no,no,True,True,,30,structural_stress_holdout,correlation,cladder:14352
no,True,no,False,True,71c4f691a29dee4c1e3ca70d85b665bfe002591eef16d3d7c9d586970a0a96d1,no,no,True,True,,31,structural_stress_holdout,ett,cladder:24527
no,True,no,False,True,355e13a664c35d399a24eb3a6bb4ba1994539f803f63c8c1bc848c85ab2e506a,no,no,True,True,,32,structural_stress_holdout,correlation,cladder:16058
yes,True,yes,False,True,610bb1c0308027926139fd5584983ed1b31966d576781d7274d14ba23d87448d,yes,yes,True,True,,33,structural_stress_holdout,ett,cladder:16015
yes,True,yes,False,True,cc38465e8ce3bf446e5dade01f19bfb516e4c5cb994febbd31398b991f276f5a,yes,yes,True,True,,34,structural_stress_holdout,det-counterfactual,cladder:20043
yes,True,yes,False,True,81672ada422faa1abcd9736e7dd05f7140d6ea792ee1ef5d91de715bedacdf57,yes,yes,True,True,,35,structural_stress_holdout,correlation,cladder:13861
yes,True,yes,False,True,bd6fb038f7493662f612390a2fde11c49b9521aed7e707dbbfde88a6e87ce7bc,yes,yes,True,True,,36,structural_stress_holdout,correlation,cladder:14217
no,True,no,False,True,427bfab026b9f4d8c2c39b4bfb6057127684ec0b85b7eaaff14231570885aee5,no,no,True,True,,37,structural_stress_holdout,ett,cladder:21641
no,True,no,False,True,ac765767c0efb61f4dab2d8b6fef9c1142a69b933d9f4100ef93cb3eb1b4c42c,no,no,True,True,,38,structural_stress_holdout,correlation,cladder:12673
no,True,no,False,True,c3eaf5d5e16bba60d877542910944b13539f2aed8cb375e3f4b2ca8eca763b45,no,no,True,True,,39,structural_stress_holdout,det-counterfactual,cladder:10366
yes,True,yes,False,True,7ae6b7fce500d0f3e942469570c14cbd007db9db383f1d3712a0e3ca459d75a6,yes,yes,True,True,,40,structural_stress_holdout,correlation,cladder:22848
yes,True,yes,False,True,4ff7d46099a62a7371305d0a565fc9f025c38ec1fd300533d252d86eb9cb9023,yes,yes,True,True,,41,structural_stress_holdout,det-counterfactual,cladder:10277
no,True,no,False,True,cc96f6df357766090f5e3f47a446eb9260ddd992de3b7af67497e467b377fa56,no,no,True,True,,42,structural_stress_holdout,backadj,cladder:1069
yes,False,yes,False,False,030b22dd3c30944673bce93b621d5d801fca371f65e98f9fd012de254d6e1f96,no,yes,False,True,,43,structural_stress_holdout,det-counterfactual,cladder:9620
yes,True,yes,False,True,1c6e62848907233c06b2e6bf93f984b9d8034e4a3e9e03281d93e906663bcfa9,yes,yes,True,True,,44,structural_stress_holdout,ett,cladder:15939
no,True,no,False,True,25ef3de69f35bb350c7a3f967d376784784cfb34bdcc964379c525fa63d53490,no,no,True,True,,45,structural_stress_holdout,nie,cladder:23225
yes,True,yes,False,True,ce47e46d6420041436f5ebed92415331cbcebb723f8607b00da7d42580f2d830,yes,yes,True,True,,46,structural_stress_holdout,nde,cladder:18156
yes,True,yes,False,True,3b1800bca2eefac312c6765f5cdb02ea8f8eeccd3d58df29044fbe2a303abe99,yes,yes,True,True,,47,structural_stress_holdout,correlation,cladder:22533
no,True,no,False,True,894eb43377e294f9cbbc8f758934963e68375f42b11dc20fcab5206c0212a30b,no,no,True,True,,48,structural_stress_holdout,correlation,cladder:465
yes,True,yes,False,True,00d9e3d2380ded35090194ced490b6a3db5b8552369d09d324033e4a0aedffdd,yes,yes,True,True,,49,structural_stress_holdout,nde,cladder:24458
yes,True,yes,False,True,f988ed2bee11b6c6ab70083ff533fe42017021142ffd9763871a223cad191758,yes,yes,True,True,,50,structural_stress_holdout,correlation,cladder:15755
yes,True,yes,False,True,8c5660e05ee28a72ed8c57c0f43d75494279b3e2b2ee37906503c24a58e60591,yes,yes,True,True,,51,structural_stress_holdout,ett,cladder:7647
no,True,no,False,True,769a18585b395d226236321c8153de2de09e9b9fdd45ba6dcdc0b7692e2bfd0f,no,no,True,True,,52,structural_stress_holdout,det-counterfactual,cladder:10376
yes,False,yes,False,False,72150de2332f19a4997bd3f3c80f20df6619f21ffc77b4c3125b5daa2a3ea9fa,no,yes,False,True,,53,structural_stress_holdout,ett,cladder:27116
no,False,no,False,False,7e417e5eab4d783aaecd74e5ab0598e78974ccc2c332b3a4fe79e605ecd151a9,yes,no,False,True,,54,structural_stress_holdout,det-counterfactual,cladder:20037
no,True,no,False,True,1860aab9522c1683abe63d39f1e10212f492804647ca6f96d894a826dea7e0bd,no,no,True,True,,55,structural_stress_holdout,det-counterfactual,cladder:20157
yes,True,yes,False,True,6fc3cc8c240ce0255d3b8727b29f6472f77878ee0cf2d044e00930fe9d4919c1,yes,yes,True,True,,56,structural_stress_holdout,ett,cladder:18332
yes,True,yes,False,True,2e1d8363357bf161c9c8e0ca3983d997fb26d7e43eb37ba4ed01781e878268e9,yes,yes,True,True,,57,structural_stress_holdout,ett,cladder:24240
no,True,no,False,True,c92c7829e2d40dbb7a2a42d58bc2106702c9ed0c809546a852ee65003cb5c9ed,no,no,True,True,,58,structural_stress_holdout,correlation,cladder:218
yes,True,yes,False,True,1373e1f82ad1467ecda2b72f16585b68cd0a4661e045639740254432416eb876,yes,yes,True,True,,59,structural_stress_holdout,nie,cladder:22312
no,True,no,False,True,11babf787f0fb127af51a1a4105b3f57d4a043615e74421fb4f625841e888924,no,no,True,True,,60,structural_stress_holdout,correlation,cladder:27763
yes,True,yes,False,True,43afa3ecbc570be20732f7f303c9c4ea116c7aef2b143a04b7f0fe54478c1278,yes,yes,True,True,,61,structural_stress_holdout,nie,cladder:9244
yes,True,yes,False,True,0ab375862beac4832f509799d1381dbf73e061ae356b8af3aae29bc65f822822,yes,yes,True,True,,62,structural_stress_holdout,det-counterfactual,cladder:29770
yes,True,yes,False,True,47c64d2d57de78ab6fe992f3df2997f6e32f17fdff77999541c2c35c1fa73506,yes,yes,True,True,,63,structural_stress_holdout,nde,cladder:2278
yes,False,yes,False,False,2a57410154d4f0f3430dde8fbcb6698ce02bf72842abe0868b5b26e659344ab1,no,no,True,True,,64,structural_stress_holdout,correlation,cladder:27259
no,True,no,False,True,49c9f6b6aea87152cbe36c02fd0eb9386d8c2a348223beecd514368189e2b403,no,no,True,True,,65,structural_stress_holdout,correlation,cladder:5700
yes,True,yes,False,True,df0d9f6de21977faa2a78406a2da0aec1ce649bf84a4b784a37024cde9f666cb,yes,yes,True,True,,66,structural_stress_holdout,correlation,cladder:9043
no,True,no,False,True,23abf91892de518629d637297d767c6ef6ac66b1f26144b7a05ca5916c85b742,no,no,True,True,,67,structural_stress_holdout,correlation,cladder:11860
yes,False,yes,False,False,96f6b51b6f06c09ef8733638b0bf905073dfc8113b174f910c0f7bb42bb39c80,no,no,True,True,,68,structural_stress_holdout,correlation,cladder:7892
yes,True,yes,False,True,540388ee9f0383f6411da2e2bc53333d19d0d23e6e00b67e4fc1d2df4174603b,yes,yes,True,True,,69,structural_stress_holdout,nie,cladder:3350
yes,True,yes,False,True,76ae8a536dbaf384f7fd622c869bf4389c7b33b937a1b6a8ce174e048ff3595b,yes,yes,True,True,,70,structural_stress_holdout,correlation,cladder:19458
no,True,no,False,True,c1e75bca3bac15d3440862b3f97179a673e1a4bd4b756e55dd83f9c1319db82d,no,no,True,True,,71,structural_stress_holdout,backadj,cladder:11010
yes,True,yes,False,True,2ddfb0b8e7cefafde3d30cb2349ce4a579bbd8369d1d028156f26752b68ffe26,yes,yes,True,True,,72,structural_stress_holdout,ett,cladder:992
no,True,no,False,True,d0236649e3ee5032df235ab230ba33788a4810d7b2ef7cb7285347ce389b006d,no,no,True,True,,73,structural_stress_holdout,ett,cladder:10585
yes,True,yes,False,True,4cc54d02b2854d89223aff744bfa94782d74e3c128ae4958612e2322444687ce,yes,yes,True,True,,74,structural_stress_holdout,correlation,cladder:21462
no,True,no,False,True,f885d29f666f3a42442b79cb483ecf32a0484c91c6e928fbb6e9cbd3b84b6f05,no,no,True,True,,75,structural_stress_holdout,nie,cladder:26965
no,False,no,False,False,8592cae03dee0d64acc5e049b5c54bb83542fa78b2853d171de9f351ea214bc7,yes,yes,True,True,,76,structural_stress_holdout,collider_bias,cladder:2681
yes,True,yes,False,True,175a1831ead83191d281a33b7d9237349a25e3cce68f08d5593cbec8eac4f052,yes,yes,True,True,,77,structural_stress_holdout,nie,cladder:11431
yes,True,yes,False,True,bd160f396cf9cd754964d36f0a0bf7cd9491b58edbc082b631fad8f1985759af,yes,yes,True,True,,78,structural_stress_holdout,correlation,cladder:16451
yes,True,yes,False,True,bb031fb8f7d7c38076688c0533bf8f0adfdb3109c05577664504a10b5b20d2d7,yes,yes,True,True,,79,structural_stress_holdout,det-counterfactual,cladder:20568
no,True,no,False,True,a9d8e67024b90e6b3be4440c6aa96ea4caf8ed5bb5c4de50588668bc34f57923,no,no,True,True,,80,structural_stress_holdout,nie,cladder:6508
no,True,no,False,True,db1b7b84ac6ae59f7edb301fe8901d748a1b6a324fbef1117a8783515f324da5,no,no,True,True,,81,structural_stress_holdout,nde,cladder:17430
yes,True,yes,False,True,c5e1338776d0d3af75057293caa44cc32eb18dd1451ac9edc16869ffc8ab83f1,yes,yes,True,True,,82,structural_stress_holdout,correlation,cladder:8974
no,False,no,False,False,050e18d6b9aca8e55da5d1a49200bc973615ac5e3f0439334fc3ef74a4d5c853,yes,no,False,True,,83,structural_stress_holdout,det-counterfactual,cladder:10183
yes,True,yes,False,True,535ea97f928bb570357e09777980b71fe6b70b510f61966408cd4e6b0ccc633a,yes,yes,True,True,,84,structural_stress_holdout,nie,cladder:10544
no,False,no,False,False,dbdb75d0ba8e4497074592f10c79e5bb0776d75cf0b42007edb866484010842c,yes,no,False,True,,85,structural_stress_holdout,ett,cladder:23209
yes,True,yes,False,True,f6d8b75861c801a802971c6967aba498ecc8a27f5e3590956465976dfb89ecaa,yes,yes,True,True,,86,structural_stress_holdout,correlation,cladder:26825
yes,True,yes,False,True,bd086ffcd5ddb04180cd286f9ced9bfe5ca4136378c5fbf42013d74d87f57023,yes,yes,True,True,,87,structural_stress_holdout,correlation,cladder:14816
yes,True,yes,False,True,ce27c340231cc7c8f17ba667a26471fe03d3539b9811b61b9684ebe45a1241dc,yes,yes,True,True,,88,structural_stress_holdout,nde,cladder:12691
no,True,no,False,True,f7787686c4489ef9e24f6c8e27010659d2ab53ace54fcd2621a638170680daee,no,no,True,True,,89,structural_stress_holdout,ett,cladder:22959
no,True,no,False,True,7690c830f63de27adb75e68b4b0e896498c67526ef4ece2cb2520ccc2e019260,no,no,True,True,,90,structural_stress_holdout,nie,cladder:11599
no,True,no,False,True,c5ca1b5ae9308d5cf24a6f432396e5412a277875a390d14fbe40474a82dfc377,no,no,True,True,,91,structural_stress_holdout,ett,cladder:23224
no,True,no,False,True,a103906c9f95a4abeed95d43c98c6ce962776098949915055457246427dff749,no,no,True,True,,92,structural_stress_holdout,nie,cladder:26524
no,True,no,False,True,61eb1f8ca5b9bb064a44635e103436033431ddc75bfeea5fc385439523fadf30,no,no,True,True,,93,structural_stress_holdout,nde,cladder:2414
no,True,no,False,True,25cf8ca8614f40083aef84b321dfc03574189dd7993a91e7740042fcd296706e,no,no,True,True,,94,structural_stress_holdout,correlation,cladder:24074
no,True,no,False,True,d5277741b8a3bb5b89e75a0b56cf9b597a5ff8897059f531cd1a6d6be044ebf0,no,no,True,True,,95,structural_stress_holdout,correlation,cladder:15170
yes,True,yes,False,True,9a2f37e1e82f960413c32ffe949dbcb23fa9f9563d6d2b80c5c6d2bcfce01019,yes,yes,True,True,,96,structural_stress_holdout,nde,cladder:1371
no,True,no,False,True,7977f75736604c2271ffed272554deafb2f730553a51590544cc2a3d317c554e,no,no,True,True,,97,structural_stress_holdout,correlation,cladder:3526
yes,True,yes,False,True,53dac5b65518d3cc6ebb7019363b6545a236cb94ebae6850da1616276497a810,yes,yes,True,True,,98,structural_stress_holdout,correlation,cladder:15423
yes,True,yes,False,True,8bf6122a7ccd6f134367ddaf4dcb32c4276abd92897bb4d779ef2ca9610eb7c2,yes,yes,True,True,,99,structural_stress_holdout,backadj,cladder:12708
no,True,no,False,True,5bf101f2fb587916f7042fead141682e5bc35f70ab24a1253d8d8f39703f8ff9,no,no,True,True,,100,structural_stress_holdout,det-counterfactual,cladder:19942
yes,True,yes,False,True,66c8638af4278ac41b667c04e9f6f1f46a075b8e8b2607352eed426d660b034e,yes,yes,True,True,,101,structural_stress_holdout,ett,cladder:8913
yes,True,yes,False,True,afa6841ea787c75a4324eab6bb59db07a4d0eca914ebd45bbce48715089722e5,yes,yes,True,True,,102,structural_stress_holdout,ett,cladder:10756
yes,True,yes,False,True,e0659635626e779defa28e3a13a5bea1fd690d3272e298f0accb91f091c1dd01,yes,yes,True,True,,103,structural_stress_holdout,nie,cladder:25436
yes,True,yes,False,True,01734cd61a56ca501ae24344ce3a1dbdb4a3de0a9d141e2b608acab5a854a3c0,yes,yes,True,True,,104,structural_stress_holdout,nie,cladder:12754
yes,True,yes,False,True,d5694f7833664237fda520e2cae3f32481a6f41b90d6f40c927134a30bcc5b5c,yes,yes,True,True,,105,structural_stress_holdout,ett,cladder:22495
yes,True,yes,False,True,ccf2cf6001aab0cb043e13a596f07c9252c34e1f835bf3439f9d0ad9cc35a561,yes,yes,True,True,,106,structural_stress_holdout,correlation,cladder:3399
no,True,no,False,True,e8de67f4b612bbfdcc4e7dcb1d42113519ffde1be6f0e532f3e19d97079a77f4,no,no,True,True,,107,structural_stress_holdout,nde,cladder:6109
yes,True,yes,False,True,9e0b06f7ed2be7ea430c919aa97bfb5fe18703ec716b090cc0beee7da283e798,yes,yes,True,True,,108,structural_stress_holdout,correlation,cladder:23887
no,True,no,False,True,bff5b7fed75392142babcd245cfb76ffc5752234f33d584612b0addddc260297,no,no,True,True,,109,structural_stress_holdout,det-counterfactual,cladder:20238
yes,True,yes,False,True,e640df42e270977228bdc740c420f3fd79fe287efb9d24bf83f8db6506aa50b5,yes,yes,True,True,,110,structural_stress_holdout,nie,cladder:27103
yes,True,yes,False,True,bea1f3ed6e2752abe26d2a48ed4210897474dbc3157c27a364fbbf0138177169,yes,yes,True,True,,111,structural_stress_holdout,ett,cladder:29021
yes,False,yes,False,False,55229270c172b14aeb2c4e1677184390079854d179091b81f87f6230fa328de3,no,yes,False,True,,112,structural_stress_holdout,ett,cladder:16370
no,True,no,False,True,54268889ebb89f89e5d1f9ce4c784da577a15575170f2587d88cf78ba0be5db6,no,no,True,True,,113,structural_stress_holdout,det-counterfactual,cladder:19946
yes,True,yes,False,True,0e4a18801d6110e1714fe92808b025ac804936654bfab251d2adb160171de39a,yes,yes,True,True,,114,structural_stress_holdout,correlation,cladder:1863
no,True,no,False,True,e9ffe3f341ad3685e971c44ebe72fb9b3cd7ad44afe7d21436fe4c6856bdeaaa,no,no,True,True,,115,structural_stress_holdout,nie,cladder:1216
yes,True,yes,False,True,67c5cb3668feb357d08ecd6cb75ccde66cee8b46f28aca28b091c92767d13537,yes,yes,True,True,,116,structural_stress_holdout,correlation,cladder:5341
no,True,no,False,True,bddd508a156ba0969dc12848716ebf584a68ed72b793e5cd8ce71a81da6c6b6f,no,no,True,True,,117,structural_stress_holdout,det-counterfactual,cladder:20358
yes,True,yes,False,True,95d08e02ebeaaa1b9a05b7b3238c6ae2299332ad998ce08a093dc4c45cfcc43a,yes,yes,True,True,,118,structural_stress_holdout,det-counterfactual,cladder:9818
yes,True,yes,False,True,4897e801549b3d03383e37c76deb7a308d3ac1c9baee4221152722d35c342705,yes,yes,True,True,,119,structural_stress_holdout,nde,cladder:7610
yes,True,yes,False,True,626648bb679f7c397d0e4d3460e99f8626f71aec6dd97095c6fc9ad104dc5ec7,yes,yes,True,True,,120,structural_stress_holdout,det-counterfactual,cladder:20474
yes,True,yes,False,True,7bbfb76d903aeaf2897965325b2cd947e1b01daa3c85e05837b98617968d4fa5,yes,yes,True,True,,121,structural_stress_holdout,ett,cladder:26602
yes,True,yes,False,True,6f33143a5e9700341300f4519583e0f271c3f421240e5b7e541915eadd7ec289,yes,yes,True,True,,122,structural_stress_holdout,ett,cladder:21367
yes,False,yes,False,False,87a7c4e919c83c7cd04dc07d0eec5dd1b53f3509935723a4adeb388229f9ceb2,no,yes,False,True,,123,structural_stress_holdout,ett,cladder:6029
no,True,no,False,True,bb7afc20ceb2b0dd1a4ebaf8f0921a8043e78fe0a455f776394b4f4389301cf0,no,no,True,True,,124,structural_stress_holdout,det-counterfactual,cladder:29936
no,True,no,False,True,1707245d230fbe2ad0dab03c2cdabfcb561fc96e6fcb571dd7d9898279305f39,no,no,True,True,,125,structural_stress_holdout,collider_bias,cladder:2628
no,True,no,False,True,04e0f1c4429279e62ceeff074a535f9c83ce10f6121fbce24e429460975a7866,no,no,True,True,,126,structural_stress_holdout,det-counterfactual,cladder:9795
no,True,no,False,True,a415df1db2b3df50aaa695d806854d804b63ddbbbabda084768d9d3c442bca8d,no,no,True,True,,127,structural_stress_holdout,ett,cladder:1375
no,True,no,False,True,23dae7e11b47d16937b398385fcef1b21e47267225a02fa3ee6dc8536e447049,no,no,True,True,,128,structural_stress_holdout,correlation,cladder:19632
no,True,no,False,True,87319a19b22370eac38395c2b35f51773cbb32481799a76c90910453008d2df9,no,no,True,True,,129,structural_stress_holdout,nde,cladder:13225
no,True,no,False,True,a3cd9187a0043b6145c8512659bdc4514bbcecd2d6c2c1d38f76f6d1d11131b6,no,no,True,True,,130,structural_stress_holdout,ett,cladder:5288
no,True,no,False,True,658768b69cfe39d9bd7ebc6bc7883d34d45ce4f0cde11454edcbc01fc69ac69f,no,no,True,True,,131,structural_stress_holdout,correlation,cladder:15780
yes,True,yes,False,True,28fbb301c4317f6a99a6ce678229bb45954208279008e562b6dc5307eb2f79b3,yes,yes,True,True,,132,structural_stress_holdout,ett,cladder:18540
no,True,no,False,True,b19034b660b04de025d371b3a458bbade6e326bd031b50612acdaa0a069cfc5d,no,no,True,True,,133,structural_stress_holdout,det-counterfactual,cladder:20254
no,False,no,False,False,29a4845c3511b1d96a5d8a7d26dc542ecbdf8f277f635dc7e1ed58e3cfb61ae1,yes,no,False,True,,134,structural_stress_holdout,nie,cladder:21459
yes,True,yes,False,True,c065b8277bcba7b6f75b9c43db500e8f5e0b93c3734ff0ab380be078d0980f53,yes,yes,True,True,,135,structural_stress_holdout,correlation,cladder:21358
yes,False,yes,False,False,cafa3a57ec3bf9a009c0f109bfb5b4ce8e93b524634872b2ab66f33a634063ec,no,yes,False,True,,136,structural_stress_holdout,ett,cladder:23962
yes,True,yes,False,True,f931b931eb3ccb1e2dce333ee10e30433bdc743cbc95663f84d45bb18a8ac645,yes,yes,True,True,,137,structural_stress_holdout,ett,cladder:24338
yes,False,yes,False,False,b2b4a3970a447fe07e1eb08803da2fb82593d7c4278cc915321ffc36d2320e03,no,yes,False,True,,138,structural_stress_holdout,ett,cladder:14577
no,True,no,False,True,0b1fc5b69bb0688b5728eed667e28b3fca077b383ca82d80c8b8a1413a256a24,no,no,True,True,,139,structural_stress_holdout,det-counterfactual,cladder:29790
yes,True,yes,False,True,f99d366e3b690be560a89d617e742589b561009a6ad53531ecee6c251d61db6b,yes,yes,True,True,,140,structural_stress_holdout,nie,cladder:5197
no,True,no,False,True,b9770ee1001426b52b4841a69ce0e6d5768b447b905451872ee57dcbe3026e7f,no,no,True,True,,141,structural_stress_holdout,nde,cladder:25348
no,True,no,False,True,5b92c6957e205122394899b9fc4aa2adf4b7fb27f2374babe1dc4602ecf91d3a,no,no,True,True,,142,structural_stress_holdout,correlation,cladder:13739
no,False,no,False,False,705503bad3428413c8de48de07bbf7f003899c8a442a8299800911f7da1046a4,yes,yes,True,True,,143,structural_stress_holdout,collider_bias,cladder:13193
yes,True,yes,False,True,6369aeda2fa4909e8835b6b2be31019c48f0955b07225a72c195b3e858ee4bee,yes,yes,True,True,,144,structural_stress_holdout,correlation,cladder:8289
no,True,no,False,True,eb2dc1bbd984b3ca521847e0877f554d25f3e17e4b0cda9e836af27abf89d020,no,no,True,True,,145,structural_stress_holdout,det-counterfactual,cladder:20519
no,True,no,False,True,006f0b86ac42ad252c6ce94940cd0322bef088ed56303ba0ebaccd9215006840,no,no,True,True,,146,structural_stress_holdout,nde,cladder:2610
yes,True,yes,False,True,9b51e169b574246cf84d1389828d5090e9d49e8c137968d2a2224b9917233e74,yes,yes,True,True,,147,structural_stress_holdout,ett,cladder:6514
no,True,no,False,True,5fc24397e23752c8e00a4ad0f5a273bb28662617d8808e3e6f2021e981a1f3d0,no,no,True,True,,148,structural_stress_holdout,correlation,cladder:3981
no,True,no,False,True,6f3a18324ee3896fc78a918ce41262220792d1908bbeab59a165e9523186e875,no,no,True,True,,149,structural_stress_holdout,ett,cladder:10854
no,False,no,False,False,e94314b52070d420fdbc07f50c69641ffb312b4b8a9a74dbba7f8be289e1f32b,yes,yes,True,True,,150,structural_stress_holdout,collider_bias,cladder:23509
yes,True,yes,False,True,0dd7a360ffcecc212618cd84b204f368130ebfebe379413ac4a2c24d92ec3e23,yes,yes,True,True,,151,structural_stress_holdout,correlation,cladder:5145
yes,True,yes,False,True,b3a541c41e655c38e1cdd50bbd29ea58f78e892332acae503af2877b1564895d,yes,yes,True,True,,152,structural_stress_holdout,correlation,cladder:13585
yes,True,yes,False,True,e28156f9f1eb9d6199d35c1c58e651bf06947619303bad2073943d51434df43a,yes,yes,True,True,,153,structural_stress_holdout,ett,cladder:558
no,False,no,False,False,ddca921ce6f7a0b7252a383e96b558fea4760d15088b8dbcdb06e97fdbf932c3,yes,no,False,True,,154,structural_stress_holdout,ett,cladder:26584
yes,True,yes,False,True,a8003c111d6193123262b06445a99ba193ca97a9e29632d0a31ce275b3571618,yes,yes,True,True,,155,structural_stress_holdout,det-counterfactual,cladder:19950
yes,True,yes,False,True,21ea130c6a98d392d6edbe18a2eda745165fa6232bfc1208069fac55424fb4d3,yes,yes,True,True,,156,structural_stress_holdout,ett,cladder:4590
yes,True,yes,False,True,07b86bb0e714a21c93946f2fe62826fa6749c37349f08d75bbe52d4d47ff9e44,yes,yes,True,True,,157,structural_stress_holdout,correlation,cladder:27739
yes,True,yes,False,True,424e42abde40f19535e20fbc9f0a5b665f44856b08e834cebc180339c1d1475a,yes,yes,True,True,,158,structural_stress_holdout,nie,cladder:28589
no,True,no,False,True,2862dc919748ca8dadebfb24de7a0a5054519bc6dbc4daa6557b6b89d850a185,no,no,True,True,,159,structural_stress_holdout,det-counterfactual,cladder:20226
yes,False,yes,False,False,53eb63915feb4fc675eff8ed209081a172ab4dbf3df49079a055bae60c22b8be,no,yes,False,True,,160,structural_stress_holdout,ett,cladder:9007
no,True,no,False,True,44231ef6b1cec9e523e0d497a8d310cc1b53a2ea02c204599f3061596a503c35,no,no,True,True,,161,structural_stress_holdout,nie,cladder:19386
yes,True,yes,False,True,53b74a285a1a562219e328bc7a756a599e16c892ebf6067347978624edeb1937,yes,yes,True,True,,162,structural_stress_holdout,det-counterfactual,cladder:30812
no,True,no,False,True,a99c0bae31544729b87b941dc616582909afc8c48cd4af08804f41d8f91541a8,no,no,True,True,,163,structural_stress_holdout,nie,cladder:24332
no,False,no,False,False,5c3ed8a8edfc3214f8b635c55b99186cf18ff8e2a198254c4bfaef81e19716fe,yes,no,False,True,,164,structural_stress_holdout,collider_bias,cladder:1968
no,True,no,False,True,c6a4a07b245998440ee57c89a39cb7a4a9171a4c5b2acd0236fcfac2e64f6cfe,no,,False,True,,165,structural_stress_holdout,ett,cladder:7865
yes,True,yes,False,True,5aa0212cd246a2be626629111c902dd42aad6d21d3de44c980e0729b933ffcdf,yes,yes,True,True,,166,structural_stress_holdout,ett,cladder:12187
no,True,no,False,True,5661920621b5c4312c0bd5e20de37bba53918f47807e5fe760e2501929f958ed,no,no,True,True,,167,structural_stress_holdout,correlation,cladder:6073
yes,True,yes,False,True,3d2e2c97999fea71f51a627aebeabb15541d7427aa0042238eeb5c1249579ecd,yes,yes,True,True,,168,structural_stress_holdout,correlation,cladder:25925
no,True,no,False,True,d10ab56b6eeb546b48aed6cbbfa5aca4bbee6a782b3870dae281a6533ac3a122,no,no,True,True,,169,structural_stress_holdout,ett,cladder:15494
no,True,no,False,True,5110af90f003b16bde02d0c21b89ce89559684ad9f290b64e32a5b70f8b3bd21,no,no,True,True,,170,structural_stress_holdout,nie,cladder:4367
no,True,no,False,True,b1c2c24cdeeb588bdc542a6fd0df4bcfca14707b7106870ea3a84ee22f12869e,no,no,True,True,,171,structural_stress_holdout,correlation,cladder:15411
no,True,no,False,True,9e73c50c216b3da3bd9c0173086ee4d6c680761adfc4cc0f3eb6d264b9fabc4f,no,no,True,True,,172,structural_stress_holdout,correlation,cladder:7230
yes,True,yes,False,True,67e40550ff38d8845555397a9fc7866872a114de0185c4eb90b6d87b1efe8c20,yes,yes,True,True,,173,structural_stress_holdout,nde,cladder:28940
yes,True,yes,False,True,30068326e96459ff522939ba72b12ff76c4a4db297c499544ee982420f29502f,yes,yes,True,True,,174,structural_stress_holdout,ett,cladder:21615
no,True,no,False,True,7a8f8207f4e5b203d28cb0d9e869390eb1af44f6c93605a0b2b9c7c7abb292a2,no,no,True,True,,175,structural_stress_holdout,correlation,cladder:25421
yes,True,yes,False,True,69af9b8d4c19bb1c2d0216aa5b43107683f5cf37b5a295d8de7bb54756644344,yes,yes,True,True,,176,structural_stress_holdout,ett,cladder:15265
yes,True,yes,False,True,3acc6565220eb28ef3276580c590b816da172e9c78f5e33facb4fdb8e5b743ff,yes,yes,True,True,,177,structural_stress_holdout,det-counterfactual,cladder:20504
yes,True,yes,False,True,f7787beb25d48e82bcc851dd30a0812f3d18d45e6857bd3524083cb7182588f3,yes,yes,True,True,,178,structural_stress_holdout,ett,cladder:207
yes,True,yes,False,True,83b1bc6bb3f03df276d3daefd1a9fdb279b3a537e4490586807e8600d8516296,yes,yes,True,True,,179,structural_stress_holdout,det-counterfactual,cladder:29675
